,0,1,2
0,,101.0,0.0
1,,98.0,0.0
2,,100.0,0.0
3,,105.0,0.0
4,,102.0,0.0
5,,102.0,0.0
6,,104.0,0.0
7,,113.0,0.0
8,,115.0,0.0
9,,122.0,0.0
10,,117.0,0.0
11,,114.0,0.0
12,,123.0,0.0
13,,120.0,0.0
14,,104.0,0.0
15,,108.0,0.0
16,,108.0,0.0
17,,107.0,0.0
18,,105.0,0.0
19,,108.0,0.0
20,0.00285177824068,108.0,0.0886075949367
21,0.00311128660795,105.0,0.0886075949367
22,0.00247156992608,105.0,0.0649350649351
23,0.002964169914,111.0,0.0769230769231
24,0.00643895176334,118.0,0.19512195122
25,0.00860073505213,124.0,0.25
26,0.00821795280222,125.0,0.241379310345
27,0.00474276286186,125.0,0.153846153846
28,0.00465889513799,126.0,0.142857142857
29,0.00329380764163,129.0,0.0958904109589
30,0.00459601066274,129.0,0.176470588235
31,0.00859140694,138.0,0.324324324324
32,0.00299433674663,130.0,0.0958904109589
33,0.000246969988457,119.0,-0.0123456790123
34,0.00386396054739,114.0,0.142857142857
35,0.00231418672954,113.0,0.0746268656716
36,0.00423696508162,118.0,0.138888888889
37,0.00455511326458,118.0,0.154929577465
38,0.00587766730332,120.0,0.211267605634
39,0.00376629184769,117.0,0.12676056338
40,0.00233962369885,112.0,0.0526315789474
41,0.00178917650348,107.0,0.025641025641
42,-0.00133539366716,99.0,-0.0697674418605
43,-0.00253859743849,101.0,-0.121951219512
44,-0.00512638899728,101.0,-0.226666666667
45,-0.00651293633486,103.0,-0.295774647887
46,-0.00601044430332,106.0,-0.260273972603
47,-0.00560468667919,106.0,-0.260273972603
48,-0.00419456516366,111.0,-0.194805194805
49,-0.00780559623786,103.0,-0.317073170732
50,-0.00772812106005,103.0,-0.317073170732
51,-0.0127486663971,98.0,-0.512820512821
52,-0.010507076577,96.0,-0.472222222222
53,-0.00727438349925,95.0,-0.387096774194
54,-0.00447277692063,99.0,-0.245901639344
55,-0.00430747630748,99.0,-0.233333333333
56,-0.0082321250082,93.0,-0.409836065574
57,-0.00893010839168,91.0,-0.428571428571
58,-0.0101390226792,89.0,-0.492063492063
59,-0.00658046280327,96.0,-0.313432835821
60,-0.00402205825678,99.0,-0.2
61,-0.0023464084411,100.0,-0.114754098361
62,0.000639104117934,100.0,0.0188679245283
63,-0.00542306199977,85.0,-0.242424242424
64,-0.00339311961369,91.0,-0.138888888889
65,-0.00484255867555,89.0,-0.194444444444
66,-0.00565919356656,89.0,-0.246376811594
67,-0.00498405103668,91.0,-0.211267605634
68,-0.00741759602885,89.0,-0.323529411765
69,-0.00476750619302,89.0,-0.233333333333
70,-0.00550233711132,87.0,-0.258064516129
71,-0.00650616121716,79.0,-0.292307692308
72,-0.00916165262736,70.0,-0.361111111111
73,-0.00873436089095,70.0,-0.352112676056
74,-0.00998782516676,70.0,-0.432835820896
75,-0.00888189041209,73.0,-0.371428571429
76,-0.00751999652793,71.0,-0.333333333333
77,-0.0115804179216,58.0,-0.428571428571
78,-0.014381681694,49.0,-0.47619047619
79,-0.0218849004379,36.0,-0.666666666667
80,-0.0225992776596,37.0,-0.704545454545
81,-0.0229648774571,37.0,-0.724137931034
82,-0.0233458338294,36.0,-0.727272727273
83,-0.0175536634157,37.0,-0.648648648649
84,-0.017024574864,44.0,-0.626666666667
85,-0.0189733095978,37.0,-0.65
86,-0.0212929876159,31.0,-0.674418604651
87,-0.0239452353032,26.0,-0.730337078652
88,-0.0227297347775,27.0,-0.704545454545
89,-0.0219395247086,29.0,-0.666666666667
90,-0.0230327847643,24.0,-0.677419354839
91,-0.0227540097183,17.0,-0.673913043478
92,-0.0212869106284,12.0,-0.659090909091
93,-0.0157625544337,27.0,-0.417475728155
94,-0.0161172936035,26.0,-0.423076923077
95,-0.0149819808128,32.0,-0.383177570093
96,-0.0142726642124,32.0,-0.371428571429
97,-0.00665207357085,40.0,-0.18
98,-0.00385464625826,39.0,-0.108695652174
99,0.000502582716739,38.0,0.025
100,-0.000231727074277,37.0,0.0
101,-0.000569911555498,36.0,-0.0123456790123
102,-0.000550877469112,35.0,-0.0123456790123
103,0.00258158108192,45.0,0.0888888888889
104,-0.00176066816441,40.0,-0.0454545454545
105,-0.000320471683925,37.0,0.0
106,-0.000211132406861,31.0,0.0
107,0.00125,30.0,0.05
108,0.00344595421716,37.0,0.116279069767
109,0.000974069111684,32.0,0.0337078651685
110,0.0021545164506,30.0,0.0697674418605
111,0.00504762973892,31.0,0.175
112,0.00832209194839,35.0,0.291139240506
113,0.00252178401223,34.0,0.107692307692
114,0.00289369316722,34.0,0.125
115,0.000748910675381,34.0,0.0344827586207
116,0.00250328217563,39.0,0.111111111111
117,0.00144132544479,44.0,0.0666666666667
118,-0.00150173167772,35.0,-0.0588235294118
119,-0.00185913238541,33.0,-0.0724637681159
120,-2.45620715412e-05,37.0,0.0
121,-0.000358691186415,35.0,-0.013698630137
122,-0.00109947153656,32.0,-0.04
123,-0.00688030891679,26.0,-0.267605633803
124,-0.00389196720519,29.0,-0.159420289855
125,-0.0020623695392,31.0,-0.0882352941176
126,0.0031950680275,40.0,0.12676056338
127,0.00732620653423,51.0,0.259259259259
128,0.00554891049977,53.0,0.210526315789
129,0.00250487810892,39.0,0.0823529411765
130,0.00458179979756,43.0,0.149425287356
131,0.00425626211863,43.0,0.139534883721
132,0.00211650493137,41.0,0.0714285714286
133,0.00349511592904,44.0,0.116279069767
134,0.00313914963166,43.0,0.103448275862
135,0.00275252144169,42.0,0.0909090909091
136,-0.000102214302507,39.0,0.0
137,-0.00155317527861,40.0,-0.0487804878049
138,0.0041215280311,47.0,0.15
139,0.00592001791955,50.0,0.20987654321
140,0.00378166222627,48.0,0.139240506329
141,0.00483184758388,49.0,0.179487179487
142,0.00515160107015,47.0,0.194805194805
143,0.00758928571429,48.0,0.305555555556
144,0.00687894659172,49.0,0.285714285714
145,0.007820471414,54.0,0.315068493151
146,0.00709416284778,61.0,0.295774647887
147,0.00468882978454,65.0,0.21875
148,0.00499367212041,68.0,0.230769230769
149,0.00799806438326,63.0,0.428571428571
150,0.00537173939175,59.0,0.285714285714
151,0.00848031994871,68.0,0.384615384615
152,0.0111880949459,74.0,0.478260869565
153,0.00490313390313,58.0,0.170731707317
154,0.00590550369442,60.0,0.204819277108
155,0.00766432192105,64.0,0.255813953488
156,0.0103178798522,69.0,0.340909090909
157,0.0103142319622,70.0,0.340909090909
158,0.00690613206828,67.0,0.238095238095
159,0.00706073736337,71.0,0.247058823529
160,0.0081308836324,72.0,0.285714285714
161,0.00712665427513,70.0,0.247058823529
162,0.00644246373807,66.0,0.218390804598
163,0.00816087662829,72.0,0.260869565217
164,0.00676920937025,69.0,0.212765957447
165,0.0054657031987,70.0,0.177777777778
166,0.00346634979142,71.0,0.119047619048
167,0.00176633575579,70.0,0.0617283950617
168,-0.00204751269657,62.0,-0.0697674418605
169,-0.00172005637595,58.0,-0.0588235294118
170,-1.50044186741e-05,59.0,0.0
171,-0.00390871592425,57.0,-0.146666666667
172,-0.0106289253968,44.0,-0.365853658537
173,-0.00434467776973,46.0,-0.176470588235
174,-0.00609053863653,43.0,-0.246376811594
175,-0.00784921879613,42.0,-0.333333333333
176,-0.0132181649891,32.0,-0.521126760563
177,-0.0150643643008,28.0,-0.567567567568
178,-0.00732491875507,46.0,-0.23595505618
179,-0.0116540575575,38.0,-0.354838709677
180,-0.00836752302301,48.0,-0.235294117647
181,-0.00805334399586,47.0,-0.227722772277
182,-0.00731456254109,45.0,-0.212121212121
183,-0.0105578098067,42.0,-0.3125
184,-0.00909503048049,43.0,-0.276595744681
185,-0.00948874888478,43.0,-0.290322580645
186,-0.00986752573351,43.0,-0.304347826087
187,-0.0038320658678,59.0,-0.102803738318
188,-0.00139366938411,58.0,-0.04
189,-0.000338715686891,57.0,-0.0103092783505
190,0.00129164011894,63.0,0.0392156862745
191,0.00399036769057,69.0,0.11320754717
192,0.00672088998269,64.0,0.204081632653
193,0.00911370423874,73.0,0.257142857143
194,0.00845452494539,68.0,0.233644859813
195,0.00871864082746,68.0,0.245283018868
196,0.00818407357334,56.0,0.222222222222
197,0.00749547129042,50.0,0.2
198,0.00394806384217,58.0,0.12
199,0.0106115488978,70.0,0.307692307692
200,0.00690141513677,69.0,0.221052631579
201,0.00676507489041,68.0,0.221052631579
202,0.0071764454459,67.0,0.234042553191
203,0.00850960115597,68.0,0.282608695652
204,0.00771307323143,67.0,0.260869565217
205,0.0093360582751,72.0,0.298969072165
206,0.00855753920808,70.0,0.272727272727
207,0.00323685788488,70.0,0.132530120482
208,0.00277503146462,68.0,0.119047619048
209,0.00322095421887,68.0,0.132530120482
210,0.00164538630482,69.0,0.0769230769231
211,-0.00104507332955,67.0,-0.027027027027
212,0.00102169242526,68.0,0.0571428571429
213,-0.0012485933817,71.0,-0.03125
214,0.00111262302127,73.0,0.0819672131148
215,0.00151686192293,74.0,0.0967741935484
216,0.00525754060101,73.0,0.333333333333
217,0.00643420241814,70.0,0.416666666667
218,0.0036208325365,70.0,0.3
219,-0.000995103758778,68.0,-0.0666666666667
220,-0.00165937372221,65.0,-0.125
221,-0.00195386092643,63.0,-0.151515151515
222,0.000378521216326,69.0,0.0526315789474
223,-0.000392482233686,68.0,0.0
224,0.00065662661336,70.0,0.0769230769231
225,-0.000928863254025,70.0,-0.0588235294118
226,-0.000855345580345,68.0,-0.0588235294118
227,-0.00054011348129,69.0,-0.0285714285714
228,0.00101032806512,71.0,0.0857142857143
229,0.0016497737237,73.0,0.135135135135
230,0.00124462767664,73.0,0.111111111111
231,0.00218097333561,74.0,0.2
232,0.00468600492997,83.0,0.348837209302
233,0.00389684851412,83.0,0.3
234,0.00420178691841,86.0,0.317073170732
235,0.00438689571977,88.0,0.333333333333
236,0.0017139338969,79.0,0.12
237,0.000918386053652,74.0,0.0769230769231
238,0.00234161280349,78.0,0.142857142857
239,0.00338369079456,79.0,0.2
240,0.00470678556665,80.0,0.283018867925
241,0.00509564766771,79.0,0.307692307692
242,0.00211668485841,76.0,0.142857142857
243,0.00219944037908,75.0,0.142857142857
244,0.00349082971138,80.0,0.192307692308
245,0.00174782988816,75.0,0.0877192982456
246,0.00241848035723,75.0,0.127272727273
247,0.00188787150026,74.0,0.0909090909091
248,0.000457373560219,72.0,0.0181818181818
249,-0.00145625968432,69.0,-0.0714285714286
250,-0.00169657329205,68.0,-0.0877192982456
251,-0.00197249380311,68.0,-0.107142857143
252,-0.00379594641017,71.0,-0.24
253,-0.00652714861512,63.0,-0.344827586207
254,-0.00824622817052,61.0,-0.438596491228
255,-0.00889326998169,61.0,-0.490909090909
256,-0.00753219676187,56.0,-0.450980392157
257,-0.00609488550665,55.0,-0.404255319149
258,-0.00551070055626,61.0,-0.34693877551
259,-0.00451064037545,65.0,-0.269230769231
260,-0.00383036729304,68.0,-0.222222222222
261,-0.00551369220047,62.0,-0.28813559322
262,-0.00628173338056,57.0,-0.311475409836
263,-0.00592048943205,57.0,-0.3
264,-0.007068770326,59.0,-0.368421052632
265,-0.00364950276351,64.0,-0.19298245614
266,-0.00471379127184,61.0,-0.233333333333
267,-0.00384985458413,63.0,-0.180327868852
268,-0.000970201019445,70.0,-0.030303030303
269,0.000664979320358,71.0,0.03125
270,-0.000830018323539,66.0,-0.0294117647059
271,-0.000829349736713,66.0,-0.0294117647059
272,-0.00160770636816,67.0,-0.0606060606061
273,-0.000551270497782,62.0,-0.015873015873
274,0.000805435965798,64.0,0.047619047619
275,0.000458379083338,63.0,0.03125
276,0.00198892745733,63.0,0.118644067797
277,0.00168348107155,61.0,0.1
278,-0.000912886595462,59.0,-0.0357142857143
279,0.00110150512808,69.0,0.0645161290323
280,-0.0028409898696,60.0,-0.117647058824
281,-0.00210939069304,56.0,-0.0909090909091
282,-0.00147458265896,53.0,-0.0625
283,-0.000441185017352,56.0,-0.0149253731343
284,-0.000213939112203,59.0,0.0
285,-0.00220025705182,58.0,-0.09375
286,0.000231307472411,62.0,0.0153846153846
287,-0.000380615783598,62.0,-0.015873015873
288,-0.00466520413533,56.0,-0.225806451613
289,-0.00640968545368,52.0,-0.292307692308
290,-0.00534495245569,50.0,-0.258064516129
291,-0.00534139090599,50.0,-0.258064516129
292,-0.0039051345319,55.0,-0.181818181818
293,-0.00263153007505,54.0,-0.129032258065
294,-0.00510175043132,49.0,-0.230769230769
295,-0.00135186466871,59.0,-0.0540540540541
296,-0.00112294648998,60.0,-0.04
297,-0.000814557956196,59.0,-0.027027027027
298,0.00059568790525,61.0,0.027027027027
299,-0.00207171058278,63.0,-0.0909090909091
300,0.00251248271335,68.0,0.129032258065
301,0.00173790109529,62.0,0.09375
302,0.00215361929338,60.0,0.111111111111
303,0.00209915056087,63.0,0.111111111111
304,-0.000119811665141,59.0,0.0
305,0.000879757699818,61.0,0.0461538461538
306,-0.000125427811178,62.0,0.0
307,-0.000763383972093,60.0,-0.03125
308,0.00194826114347,62.0,0.1
309,0.00380636494046,64.0,0.206896551724
310,0.00413128755152,63.0,0.228070175439
311,0.00368490201532,62.0,0.206896551724
312,0.00295786275095,65.0,0.178571428571
313,0.00290719871504,64.0,0.178571428571
314,0.00459165154265,64.0,0.294117647059
315,0.000724984639958,62.0,0.0697674418605
316,0.00226040727226,67.0,0.148936170213
317,0.00161222500206,64.0,0.102040816327
318,0.000897197281779,64.0,0.063829787234
319,-0.000177291492541,63.0,0.0
320,-0.00120267436154,65.0,-0.0697674418605
321,0.00124267009876,67.0,0.128205128205
322,0.000343165840766,62.0,0.047619047619
323,-0.000621690248451,62.0,-0.025641025641
324,0.00354763221152,71.0,0.272727272727
325,0.00244799708092,70.0,0.209302325581
326,0.00495921516086,79.0,0.333333333333
327,0.00683454884302,83.0,0.433962264151
328,0.0049478390462,80.0,0.333333333333
329,0.00313461858599,76.0,0.214285714286
330,0.00345881050147,76.0,0.236363636364
331,0.00512051177464,80.0,0.310344827586
332,0.00411238320832,80.0,0.272727272727
333,0.00302525880174,75.0,0.186440677966
334,0.00338883413732,76.0,0.2
335,0.0039010203075,76.0,0.241379310345
336,0.00305198047659,79.0,0.214285714286
337,0.00267650462963,75.0,0.19298245614
338,0.00359644197043,78.0,0.233333333333
339,0.00368873734697,77.0,0.233333333333
340,0.002835335753,76.0,0.186440677966
341,0.00097057198121,72.0,0.0819672131148
342,0.00314171094191,74.0,0.206896551724
343,-0.000132142175161,64.0,0.0294117647059
344,-0.00452085890508,59.0,-0.1875
345,-0.00310269249428,62.0,-0.121212121212
346,-0.00443507816235,67.0,-0.193548387097
347,-0.00507203074688,69.0,-0.233333333333
348,-0.00339345936945,71.0,-0.152542372881
349,-0.00312822738139,68.0,-0.137931034483
350,-0.00248311457901,70.0,-0.1
351,-0.00325570717748,71.0,-0.157894736842
352,-0.00326734281268,71.0,-0.157894736842
353,-0.000780120674584,74.0,-0.0181818181818
354,-0.00154155253919,73.0,-0.0545454545455
355,0.000725272198194,80.0,0.0645161290323
356,-0.0013136566598,76.0,-0.047619047619
357,-0.00121990922497,72.0,-0.047619047619
358,-0.00116901841559,75.0,-0.047619047619
359,-0.0013089394521,74.0,-0.047619047619
360,-0.000982656255316,74.0,-0.0322580645161
361,0.000487178766501,74.0,0.0344827586207
362,-0.000134019024949,74.0,0.0
363,0.00540394907957,80.0,0.307692307692
364,0.00645577792124,79.0,0.416666666667
365,0.00376523923613,74.0,0.24
366,0.00289884833239,76.0,0.191489361702
367,0.000883625300658,72.0,0.0612244897959
368,0.00104662814745,74.0,0.0612244897959
369,0.00484522031595,83.0,0.272727272727
370,0.00177036499406,75.0,0.0819672131148
371,0.00175124555093,77.0,0.0967741935484
372,0.000813381134416,74.0,0.0461538461538
373,0.00205028901589,81.0,0.101449275362
374,0.00186075137634,79.0,0.0857142857143
375,0.00049165728157,82.0,0.030303030303
376,0.00131308977078,81.0,0.0793650793651
377,0.0029080927997,82.0,0.166666666667
378,-7.52792778484e-05,76.0,0.015873015873
379,0.00132664514556,79.0,0.0769230769231
380,-8.06819987289e-06,75.0,0.0144927536232
381,0.000841477634727,78.0,0.0555555555556
382,-0.000189516405569,75.0,0.0133333333333
383,-0.00225950092584,75.0,-0.0724637681159
384,-0.000918798403533,78.0,-0.0140845070423
385,-0.000212954979233,75.0,0.0144927536232
386,-0.00100245710955,75.0,-0.0149253731343
387,-0.000297904967406,73.0,0.0153846153846
388,-0.00117912819111,72.0,-0.03125
389,-0.00490128479281,69.0,-0.241379310345
390,0.000265126513204,78.0,0.0508474576271
391,-0.000205091424841,78.0,0.0175438596491
392,-0.000470802565884,74.0,0.0
393,-0.00332063428294,71.0,-0.185185185185
394,-0.00241200217081,72.0,-0.132075471698
395,-0.00347011077916,71.0,-0.21568627451
396,-0.00290454875623,72.0,-0.176470588235
397,-0.00353606274541,71.0,-0.21568627451
398,-0.00154958774353,71.0,-0.111111111111
399,-0.00154044308775,74.0,-0.111111111111
400,0.0018451506631,80.0,0.106382978723
401,4.53916954147e-05,77.0,-0.0212765957447
402,0.00270006574733,82.0,0.142857142857
403,0.00305304881449,84.0,0.176470588235
404,0.00146288278112,82.0,0.08
405,0.00267000314082,83.0,0.166666666667
406,0.00331202884901,85.0,0.2
407,0.00393290064707,85.0,0.25
408,0.00457911345205,85.0,0.276595744681
409,0.00697491306773,90.0,0.428571428571
410,0.0044582771163,91.0,0.317073170732
411,0.00402761648311,90.0,0.285714285714
412,0.00561825902483,91.0,0.435897435897
413,0.00584261378561,90.0,0.513513513514
414,0.00710462294045,95.0,0.560975609756
415,0.0074762766716,96.0,0.609756097561
416,0.00587067457928,91.0,0.422222222222
417,0.00538998097654,88.0,0.36170212766
418,0.00566129759036,89.0,0.375
419,0.00449727566278,88.0,0.304347826087
420,0.00359190405743,92.0,0.272727272727
421,0.00333588031599,88.0,0.244444444444
422,0.00208747183735,89.0,0.170731707317
423,0.00175896265642,89.0,0.128205128205
424,0.00309542383978,91.0,0.230769230769
425,0.00149278705599,87.0,0.0952380952381
426,-0.000290969291452,83.0,-0.0454545454545
427,-0.00210599983907,77.0,-0.16
428,-0.00275612338002,76.0,-0.176470588235
429,-0.00324896850039,79.0,-0.224489795918
430,0.000778315240963,93.0,0.0322580645161
431,-0.000850578691959,87.0,-0.044776119403
432,0.0010844224976,94.0,0.041095890411
433,-0.000397999014161,88.0,-0.025641025641
434,-0.00160343584161,89.0,-0.0810810810811
435,-0.00167791477235,90.0,-0.0810810810811
436,-0.000814884604579,88.0,-0.0422535211268
437,-0.000308253492435,87.0,-0.0144927536232
438,0.000148353082837,89.0,0.0
439,-0.000877438796052,85.0,-0.041095890411
440,0.000124641915033,92.0,0.0
441,0.00366664894741,100.0,0.15
442,0.00319274383636,100.0,0.139240506329
443,0.00284072305531,99.0,0.125
444,0.000483584846055,94.0,0.0361445783133
445,0.00163795862415,94.0,0.0886075949367
446,0.00594250780617,104.0,0.247058823529
447,0.00451362234469,94.0,0.191011235955
448,0.00751894288804,103.0,0.278350515464
449,0.00656177250279,103.0,0.255319148936
450,0.00143396357307,100.0,0.0843373493976
451,0.00310439863735,99.0,0.153846153846
452,0.00239040060469,104.0,0.131578947368
453,0.0031561883373,101.0,0.178082191781
454,0.00271371915967,101.0,0.166666666667
455,0.00342826675314,104.0,0.189189189189
456,0.00346943593778,102.0,0.189189189189
457,0.00397631128743,103.0,0.216216216216
458,0.0029468526862,102.0,0.178082191781
459,0.00289019681504,97.0,0.162162162162
460,0.00334220264378,106.0,0.184210526316
461,-0.00129483611626,98.0,-0.0263157894737
462,0.000723087714864,104.0,0.0487804878049
463,0.000928528594955,104.0,0.0617283950617
464,0.00173346862845,101.0,0.0886075949367
465,0.00155735770866,100.0,0.075
466,-0.000376350921805,104.0,0.0
467,0.00423926359358,109.0,0.217391304348
468,0.000747208349266,107.0,0.0645161290323
469,0.000829737130244,107.0,0.0645161290323
470,0.00144235941414,106.0,0.1
471,0.00258188625703,109.0,0.161290322581
472,0.000627698446304,108.0,0.0689655172414
473,0.00189551910097,109.0,0.142857142857
474,0.00263556017987,112.0,0.186440677966
475,0.00101134976703,110.0,0.103448275862
476,-7.87155933627e-05,104.0,0.0322580645161
477,-0.000587552197509,103.0,0.0
478,0.00256946198465,113.0,0.154929577465
479,0.00299989642039,110.0,0.188405797101
480,3.94066928327e-05,109.0,0.0491803278689
481,0.00421931515857,116.0,0.3
482,0.00237982520714,116.0,0.222222222222
483,0.00127250263122,112.0,0.137931034483
484,0.00128339301175,109.0,0.137931034483
485,0.00275043263379,113.0,0.213114754098
486,0.00148008994393,112.0,0.137931034483
487,-3.25557116513e-05,112.0,0.0566037735849
488,0.000988424102066,113.0,0.115384615385
489,0.00036733727351,110.0,0.0545454545455
490,0.00477648953003,124.0,0.264705882353
491,0.00470376829977,126.0,0.253731343284
492,0.00483372291187,125.0,0.253731343284
493,0.00536783344856,128.0,0.275362318841
494,0.00443448940091,127.0,0.223880597015
495,0.00580847239803,129.0,0.283582089552
496,0.00813658796852,132.0,0.4375
497,0.00844825993458,132.0,0.460317460317
498,0.00531777686824,131.0,0.333333333333
499,0.0091197058401,142.0,0.516129032258
500,0.00896686869698,140.0,0.492063492063
501,0.00719371189639,141.0,0.438596491228
502,0.00509759192512,134.0,0.28125
503,0.00666681975647,135.0,0.377049180328
504,0.00931236697767,142.0,0.507692307692
505,0.00546217094942,134.0,0.304347826087
506,0.00691690874708,139.0,0.369863013699
507,0.00608667870331,136.0,0.315789473684
508,0.00190919282848,120.0,0.0769230769231
509,0.00238694487294,120.0,0.113636363636
510,-0.00129200174178,122.0,-0.0263157894737
511,-0.0020863731974,121.0,-0.0666666666667
512,0.000363969549692,128.0,0.037037037037
513,-0.00191433767838,123.0,-0.0602409638554
514,-0.000901370404509,125.0,-0.0238095238095
515,-0.00258357258029,121.0,-0.093023255814
516,-0.00409909615949,118.0,-0.162790697674
517,-0.00444915783369,117.0,-0.172413793103
518,-0.00387200343257,118.0,-0.149425287356
519,-0.00530058069374,124.0,-0.219512195122
520,-0.00564468211527,121.0,-0.228915662651
521,-0.00505314398742,123.0,-0.214285714286
522,-0.00435415263352,118.0,-0.19512195122
523,-0.00341567044089,123.0,-0.139534883721
524,-0.00534123925289,123.0,-0.240506329114
525,-0.00289599717149,122.0,-0.166666666667
526,-0.00372644445573,124.0,-0.217391304348
527,-0.000377838342029,132.0,-0.0540540540541
528,0.00299533799534,132.0,0.206896551724
529,0.00245150240294,129.0,0.147540983607
530,0.00267975888846,131.0,0.147540983607
531,0.00382298270345,135.0,0.21875
532,0.00217313386854,137.0,0.152542372881
533,0.003604960935,137.0,0.259259259259
534,0.00280049439426,137.0,0.230769230769
535,0.00227039656331,131.0,0.185185185185
536,0.00334080036382,132.0,0.269230769231
537,0.00484841508061,136.0,0.345454545455
538,0.00255324921122,129.0,0.180327868852
539,0.00164281579403,132.0,0.137931034483
540,0.00100465294164,126.0,0.0819672131148
541,0.000216338484959,126.0,0.0508474576271
542,0.00159147396393,126.0,0.148148148148
543,0.00108946356876,128.0,0.0980392156863
544,0.0021732775822,132.0,0.163636363636
545,0.00204800703127,131.0,0.163636363636
546,0.00298522523137,136.0,0.206896551724
547,0.00325871250005,144.0,0.206896551724
548,0.00394445777032,144.0,0.206896551724
549,0.00143278021473,132.0,0.044776119403
550,0.00263771723934,138.0,0.0985915492958
551,0.0024035151991,141.0,0.0857142857143
552,0.00276052274147,144.0,0.0985915492958
553,0.0015801319894,141.0,0.0540540540541
554,0.00224811057219,143.0,0.0789473684211
555,0.00320979884292,141.0,0.138888888889
556,0.00384042739456,145.0,0.173333333333
557,0.00293964505772,146.0,0.138888888889
558,0.00369459726629,142.0,0.188405797101
559,0.0020986023559,139.0,0.101449275362
560,0.00444597333401,142.0,0.242424242424
561,0.00470451857026,143.0,0.253731343284
562,0.00378927375991,140.0,0.2
563,0.00312432491576,140.0,0.176470588235
564,0.00234872154925,141.0,0.138461538462
565,0.00202430351285,139.0,0.121212121212
566,0.00070479228374,140.0,0.0645161290323
567,-0.00267847668814,137.0,-0.122807017544
568,-0.00200857760108,138.0,-0.103448275862
569,0.00145023917283,139.0,0.148936170213
570,-0.000563530920697,138.0,0.0
571,-0.00221494125629,135.0,-0.142857142857
572,-0.00303618849053,135.0,-0.230769230769
573,-0.000770889362886,139.0,-0.05
574,-0.00374519226573,131.0,-0.260869565217
575,-0.00192322833033,135.0,-0.125
576,-0.00380339379754,132.0,-0.276595744681
577,-0.00432728403801,131.0,-0.31914893617
578,-0.004824773468,125.0,-0.34693877551
579,-0.00493845016953,120.0,-0.372549019608
580,-0.00489128517195,122.0,-0.4
581,-0.0091941485343,109.0,-0.548387096774
582,-0.00797302480335,110.0,-0.5
583,-0.00755863318605,111.0,-0.475409836066
584,-0.00731430451158,113.0,-0.451612903226
585,-0.00603862488337,115.0,-0.387096774194
586,-0.00515104670235,118.0,-0.34375
587,-0.0067832256437,110.0,-0.391304347826
588,-0.00680526840958,112.0,-0.371428571429
589,-0.00470742542417,120.0,-0.246753246753
590,-0.00534157377773,117.0,-0.26582278481
591,-0.00479656909576,116.0,-0.246753246753
592,-0.00262071566323,123.0,-0.142857142857
593,-0.00476848016202,120.0,-0.228915662651
594,-0.0025993743099,120.0,-0.146666666667
595,-0.00437046261064,118.0,-0.232876712329
596,-0.00207895782017,122.0,-0.135135135135
597,-0.00219905165371,121.0,-0.135135135135
598,0.000192891972836,123.0,-0.0285714285714
599,0.000969702309298,122.0,0.030303030303
600,0.000985458786336,125.0,0.044776119403
601,0.00386580014823,121.0,0.206896551724
602,0.00187341413983,115.0,0.0793650793651
603,0.00314267756128,121.0,0.147058823529
604,0.00176237548331,118.0,0.0724637681159
605,0.00105117062269,118.0,0.044776119403
606,0.00203654577581,125.0,0.0985915492958
607,0.00413506340757,124.0,0.21875
608,0.0040944569705,126.0,0.21875
609,0.00232834515901,128.0,0.137931034483
610,0.00417836235365,131.0,0.241379310345
611,0.00352060302573,128.0,0.2
612,0.00195408238919,130.0,0.127272727273
613,0.0020819947401,127.0,0.127272727273
614,0.00244136045772,127.0,0.127272727273
615,0.00268203621003,126.0,0.148148148148
616,0.00243751466858,130.0,0.148148148148
617,0.00277333384291,130.0,0.169811320755
618,0.00253607523792,132.0,0.169811320755
619,0.00225326926664,131.0,0.169811320755
620,0.0030409443303,138.0,0.228070175439
621,0.00284876970164,134.0,0.228070175439
622,0.00481653289817,135.0,0.384615384615
623,0.00315946137184,135.0,0.304347826087
624,0.00416123293208,135.0,0.395348837209
625,0.00399422358739,134.0,0.363636363636
626,0.00167412223134,133.0,0.210526315789
627,0.00210889879782,134.0,0.263157894737
628,0.00300558072558,140.0,0.333333333333
629,0.00250819362508,140.0,0.3
630,0.00110144774291,139.0,0.210526315789
631,0.00245954057939,141.0,0.351351351351
632,0.00415566837649,149.0,0.441860465116
633,0.000555119772074,134.0,0.127272727273
634,-0.00180525804203,125.0,-0.03125
635,-0.00246792300592,122.0,-0.0606060606061
636,-0.000108073588289,134.0,0.0540540540541
637,0.00209601103064,142.0,0.146341463415
638,0.00207157938156,143.0,0.135802469136
639,0.000198284638264,134.0,0.0337078651685
640,-0.000768953609897,136.0,-0.0238095238095
641,0.00100103870889,139.0,0.0602409638554
642,-0.000694867618027,134.0,-0.0114942528736
643,-0.000926771961885,133.0,-0.0227272727273
644,-0.000732529673581,134.0,-0.0112359550562
645,0.000567485526742,138.0,0.0434782608696
646,0.000632380084794,137.0,0.0434782608696
647,-0.00072498075799,133.0,-0.0105263157895
648,-0.00212492968661,134.0,-0.0666666666667
649,-0.00127451448964,136.0,-0.0434782608696
650,-7.10948608572e-05,138.0,-0.010752688172
651,-0.00353687202706,128.0,-0.128712871287
652,-0.00795085376611,121.0,-0.28
653,-0.00427232318887,118.0,-0.181818181818
654,-0.00213114381729,117.0,-0.1
655,0.00101832256844,125.0,0.0352941176471
656,-0.00148658121923,129.0,-0.0649350649351
657,-0.00315073869308,131.0,-0.154929577465
658,-0.00585878788368,123.0,-0.25641025641
659,-0.00294936640103,125.0,-0.12676056338
660,-0.00261114805415,130.0,-0.0810810810811
661,-0.00432140107405,126.0,-0.173333333333
662,-0.00205625701026,129.0,-0.0684931506849
663,-0.00276992486321,125.0,-0.105263157895
664,-0.00200915551428,129.0,-0.0632911392405
665,-0.00360912305435,127.0,-0.142857142857
666,-0.00398329407035,125.0,-0.153846153846
667,-0.00541323029738,115.0,-0.214285714286
668,-0.00582088082519,114.0,-0.238095238095
669,-0.00516113176787,119.0,-0.195402298851
670,-0.00649135870974,117.0,-0.241379310345
671,-0.00326332654461,118.0,-0.128205128205
672,0.00327136569893,134.0,0.149425287356
673,0.00161001099049,126.0,0.0869565217391
674,0.00130060940709,124.0,0.0752688172043
675,-0.00129661558069,122.0,-0.0344827586207
676,-0.00103097813666,127.0,-0.0227272727273
677,-0.000894081334617,130.0,-0.0112359550562
678,0.00106229272198,130.0,0.0864197530864
679,-0.000902578149606,126.0,0.0120481927711
680,-0.00267230896717,123.0,-0.0864197530864
681,-0.000337033524232,128.0,0.0243902439024
682,5.12079991263e-05,133.0,0.047619047619
683,0.000941867023503,133.0,0.1
684,0.000245284792991,134.0,0.0649350649351
685,0.000955384347334,135.0,0.105263157895
686,0.00070677709644,132.0,0.0909090909091
687,0.00365978623287,133.0,0.264705882353
688,0.00377010903327,133.0,0.283582089552
689,0.00398646401343,139.0,0.294117647059
690,0.00401975662142,137.0,0.294117647059
691,0.0031654967364,135.0,0.246376811594
692,-0.000491417594142,138.0,0.0714285714286
693,-0.000116511109106,129.0,0.0526315789474
694,0.000285646204599,128.0,0.0714285714286
695,0.00158398997279,132.0,0.172413793103
696,-0.00286901875917,120.0,-0.107692307692
697,-0.00237943013433,125.0,-0.0746268656716
698,-0.00174306144638,126.0,-0.0588235294118
699,-0.00195011627631,119.0,-0.0985915492958
700,-0.000180429363208,123.0,0.0
701,-0.00167589320816,122.0,-0.0882352941176
702,-0.00405101940313,118.0,-0.223880597015
703,-0.00341826861416,120.0,-0.188405797101
704,-0.00281968806105,124.0,-0.138888888889
705,-0.00282730866291,125.0,-0.138888888889
706,-0.0033388405687,121.0,-0.150684931507
707,-0.00351408445969,122.0,-0.150684931507
708,-0.00198077686316,127.0,-0.0769230769231
709,-0.0035304054253,128.0,-0.150684931507
710,-0.00399657240788,124.0,-0.173333333333
711,-0.00164056986479,130.0,-0.0632911392405
712,-0.00413438752938,124.0,-0.170731707317
713,-0.00249505296678,122.0,-0.0933333333333
714,-0.000295883722688,129.0,0.0123456790123
715,-0.0020346673709,126.0,-0.075
716,-0.00139693042919,117.0,-0.038961038961
717,-0.00217834257663,119.0,-0.0810810810811
718,-0.00305242885602,117.0,-0.12
719,-0.00687784578239,97.0,-0.25
720,-0.0128131837273,79.0,-0.43137254902
721,-0.00982303241108,89.0,-0.297297297297
722,-0.00823264997343,91.0,-0.247706422018
723,-0.00774185643141,95.0,-0.225225225225
724,-0.00927833765888,93.0,-0.284403669725
725,-0.00792608318495,99.0,-0.228070175439
726,-0.00554520234593,103.0,-0.157894736842
727,-0.0028601379645,114.0,-0.0645161290323
728,-0.00187249202933,123.0,-0.03125
729,-0.00351449842077,117.0,-0.0827067669173
730,-0.00231044574952,118.0,-0.0461538461538
731,-0.00440650120284,117.0,-0.104
732,-0.00145170787576,122.0,-0.0161290322581
733,-0.00760728569079,97.0,-0.170068027211
734,-0.00984071395525,96.0,-0.234042553191
735,-0.00811253594057,99.0,-0.191489361702
736,-0.00386920984145,106.0,-0.0791366906475
737,-0.00279936511366,112.0,-0.048951048951
738,-0.00514406954066,101.0,-0.105263157895
739,-0.00075057943243,97.0,0.0
740,0.00565507207653,103.0,0.193548387097
741,0.00433711608011,109.0,0.166666666667
742,0.00714867513656,122.0,0.236641221374
743,0.00608364005388,122.0,0.212598425197
744,0.00621786053897,120.0,0.212598425197
745,0.00480747430772,120.0,0.173553719008
746,0.00358388484243,119.0,0.135593220339
747,0.000591780576294,119.0,0.0467289719626
748,0.00337189128139,138.0,0.128205128205
749,0.00423657937379,136.0,0.16814159292
750,0.00354023535067,134.0,0.140350877193
751,0.00456435536412,138.0,0.179487179487
752,0.0133085194376,180.0,0.376623376623
753,0.00890283333748,138.0,0.239766081871
754,0.0104080059202,142.0,0.264367816092
755,0.00902977336691,141.0,0.244186046512
756,0.00696768477205,140.0,0.204819277108
757,0.00607699559971,143.0,0.19018404908
758,0.00969493092743,146.0,0.290322580645
759,0.0102919854913,144.0,0.307189542484
760,0.0100216519127,149.0,0.302631578947
761,0.0108493174058,156.0,0.307189542484
762,0.00730777678285,155.0,0.234042553191
763,0.00559621820486,150.0,0.191780821918
764,0.00829102711367,159.0,0.254901960784
765,0.0103978557731,166.0,0.2875
766,0.0131140639871,176.0,0.337278106509
767,0.013628765463,178.0,0.345029239766
768,0.00844502341595,179.0,0.267973856209
769,0.00747854495269,172.0,0.227848101266
770,0.00917555218996,175.0,0.25786163522
771,0.00805234065471,173.0,0.222929936306
772,-0.00379492570451,164.0,-0.129032258065
773,0.00676169359096,160.0,0.255813953488
774,0.00522311466157,160.0,0.219512195122
775,0.00598323111322,161.0,0.243902439024
776,0.00659438050592,162.0,0.268292682927
777,0.00752682226448,168.0,0.294117647059
778,0.0054986438254,163.0,0.195402298851
779,0.0058943936872,163.0,0.223529411765
780,0.00497853430745,165.0,0.19512195122
781,0.00369557157964,169.0,0.164556962025
782,0.00475842122248,173.0,0.219512195122
783,0.00513365491153,167.0,0.204819277108
784,0.00408100938261,172.0,0.164556962025
785,0.000539315090249,167.0,0.012987012987
786,-0.00239256350515,165.0,-0.159420289855
787,-0.0034668920212,164.0,-0.205882352941
788,-0.00269325389584,167.0,-0.171428571429
789,-0.000804643982918,170.0,-0.030303030303
790,-0.00217317500671,169.0,-0.09375
791,-0.00188907412923,169.0,-0.0645161290323
792,-0.00197555016067,162.0,-0.0333333333333
793,-0.00248296628173,155.0,-0.0793650793651
794,-0.00120101942449,159.0,-0.0149253731343
795,-0.00128913228214,160.0,-0.0149253731343
796,-0.00133002488073,159.0,-0.044776119403
797,-0.00640094449168,145.0,-0.306666666667
798,-0.0011049666435,161.0,-0.0232558139535
799,-0.000646985142314,164.0,0.0112359550562
800,-0.00197022069849,160.0,-0.0549450549451
801,-0.00189115410012,165.0,-0.0434782608696
802,-0.0013049378099,171.0,-0.0212765957447
803,0.000561993728769,173.0,0.0666666666667
804,-0.00194332059914,168.0,-0.0444444444444
805,-0.000584804692827,168.0,0.0117647058824
806,-0.00204654721091,160.0,-0.0549450549451
807,-0.00151317211061,159.0,-0.0549450549451
808,-0.000673802463455,165.0,-0.0212765957447
809,-5.00145587592e-05,169.0,-0.0105263157895
810,-0.000941139723773,165.0,-0.0408163265306
811,0.000451555997375,170.0,0.00970873786408
812,-0.000922350414189,158.0,-0.037037037037
813,0.00277846787111,164.0,0.0841121495327
814,0.00230668795402,167.0,0.0754716981132
815,0.000556133225609,161.0,0.00900900900901
816,-0.0019350361484,149.0,-0.0819672131148
817,0.00206955057479,149.0,0.037037037037
818,-0.00137826250566,152.0,-0.0947368421053
819,-0.00279597077827,149.0,-0.157894736842
820,-0.000624846055477,153.0,-0.0736842105263
821,4.82614545415e-05,160.0,-0.0515463917526
822,-0.00142697101246,160.0,-0.120879120879
823,-0.00235179689183,158.0,-0.164835164835
824,0.00240292207695,169.0,0.0103092783505
825,0.000106649231836,160.0,-0.0754716981132
826,0.00342667520422,167.0,0.0666666666667
827,0.00884521284809,187.0,0.225806451613
828,0.00118537041614,167.0,0.0144927536232
829,-0.00130082106024,160.0,-0.063829787234
830,-0.00180660089504,153.0,-0.0833333333333
831,-0.00165279510829,157.0,-0.0909090909091
832,0.00424580364582,167.0,0.063829787234
833,0.00230398958494,168.0,0.0294117647059
834,-0.000259590633696,161.0,-0.0428571428571
835,0.00253615143854,165.0,0.0289855072464
836,0.003359462486,159.0,0.0757575757576
837,0.00116268889544,152.0,0.0215827338129
838,0.000705988967395,153.0,0.00729927007299
839,0.00161123580855,152.0,0.0222222222222
840,0.00128818989627,154.0,0.00751879699248
841,0.00130591078967,160.0,0.0
842,0.000471057877113,157.0,-0.0222222222222
843,0.00131295770891,157.0,-0.00751879699248
844,-0.00070672179006,162.0,-0.0551181102362
845,0.000656269833005,159.0,-0.00826446280992
846,-0.000601656277335,160.0,-0.0608695652174
847,-0.00527834095314,163.0,-0.244897959184
848,0.00126949985032,165.0,-0.025
849,0.00153462083625,160.0,0.0
850,0.00446569978185,165.0,0.157894736842
851,0.00227506970709,162.0,0.0666666666667
852,-0.00121289544591,159.0,-0.117647058824
853,-0.000226042247207,164.0,-0.0555555555556
854,0.00146510511567,163.0,0.030303030303
855,-0.00065397912211,159.0,-0.0909090909091
856,0.000420295602637,157.0,-0.0322580645161
857,0.00256203867292,158.0,0.107142857143
858,0.00102961331542,154.0,0.0169491525424
859,0.00181230973794,157.0,0.0819672131148
860,-0.000182977741336,152.0,-0.03125
861,-0.0018425633183,152.0,-0.137931034483
862,-0.000809925607056,153.0,-0.0714285714286
863,-0.00181544180711,151.0,-0.103448275862
864,-0.00291928953021,152.0,-0.185185185185
865,-0.00244792400925,150.0,-0.169811320755
866,-0.00375451863006,146.0,-0.25
867,-0.00326595572972,151.0,-0.206896551724
868,-0.0034109353244,153.0,-0.206896551724
869,-0.00338131250808,149.0,-0.19298245614
870,-0.00610037194196,144.0,-0.368421052632
871,-0.00882985478067,131.0,-0.462686567164
872,-0.00981374970804,125.0,-0.485714285714
873,-0.00891572826034,134.0,-0.405405405405
874,-0.0084896238938,135.0,-0.378378378378
875,-0.00779317373232,134.0,-0.352112676056
876,-0.00673389131939,136.0,-0.295774647887
877,-0.00706855385942,136.0,-0.314285714286
878,-0.00514335902308,139.0,-0.217391304348
879,-0.00925590843547,124.0,-0.407407407407
880,-0.00725462951361,128.0,-0.3
881,-0.00735985468581,128.0,-0.3
882,-0.00539520498443,136.0,-0.195402298851
883,-0.00674618019266,129.0,-0.239130434783
884,-0.00793134520181,125.0,-0.284210526316
885,-0.00767226777215,125.0,-0.268817204301
886,-0.00608389261889,127.0,-0.208791208791
887,-0.00877654399284,121.0,-0.326086956522
888,-0.0085649539308,123.0,-0.326086956522
889,-0.00628619037402,127.0,-0.239130434783
890,-0.00459576010286,128.0,-0.181818181818
891,0.000769504800275,135.0,0.0487804878049
892,0.00248111123527,134.0,0.116883116883
893,0.000629910507045,135.0,0.0144927536232
894,0.000316905269255,136.0,0.0144927536232
895,0.000240862771145,135.0,0.0144927536232
896,0.00311103722379,150.0,0.170731707317
897,0.00270019939699,147.0,0.129411764706
898,-0.00115611070058,134.0,-0.0526315789474
899,0.00310154737783,138.0,0.166666666667
900,0.00244328158484,139.0,0.135802469136
901,0.00505869134154,149.0,0.230769230769
902,0.00321926345043,152.0,0.186046511628
903,0.00303888626771,146.0,0.2
904,0.00567540015817,154.0,0.325842696629
905,0.00288733227794,142.0,0.168316831683
906,0.00546771099849,155.0,0.25
907,0.00668248959587,153.0,0.296296296296
908,0.00553307306073,151.0,0.259259259259
909,0.00395431870918,149.0,0.207547169811
910,0.00318986470713,146.0,0.166666666667
911,0.00197854976233,148.0,0.126213592233
912,0.00231519609085,149.0,0.145631067961
913,0.000686649066186,144.0,0.0841121495327
914,-0.00136374952418,134.0,-0.0172413793103
915,-0.00161228872632,132.0,-0.025641025641
916,-0.00399653684089,137.0,-0.121495327103
917,-0.00444200048219,133.0,-0.12962962963
918,-0.00377936853663,122.0,-0.11320754717
919,-0.00379562132367,126.0,-0.11320754717
920,-0.0036389027122,127.0,-0.11320754717
921,-0.0060579912102,128.0,-0.216494845361
922,-0.00593843940763,130.0,-0.229166666667
923,-0.00386938243567,130.0,-0.177777777778
924,-0.00641939261889,128.0,-0.309523809524
925,-0.00384750488961,126.0,-0.216216216216
926,-0.00607834394662,130.0,-0.384615384615
927,-0.00670635550506,126.0,-0.402985074627
928,-0.0086454414233,115.0,-0.473684210526
929,-0.00863611046242,112.0,-0.480519480519
930,-0.00542752699127,121.0,-0.301204819277
931,-0.00799701745644,113.0,-0.393258426966
932,-0.00825941503908,113.0,-0.409090909091
933,-0.00676649141389,113.0,-0.373493975904
934,-0.00282454475382,118.0,-0.205128205128
935,-0.00455180258648,109.0,-0.270588235294
936,-0.00354653929456,117.0,-0.227272727273
937,-0.000528285403976,124.0,-0.0989010989011
938,0.00133975671675,122.0,0.0
939,0.00266295908135,131.0,0.0574712643678
940,0.00391799229368,137.0,0.108695652174
941,0.00223824644968,131.0,0.0309278350515
942,0.00212689013936,133.0,0.0309278350515
943,0.00518650334827,145.0,0.137614678899
944,0.00517892142008,143.0,0.137614678899
945,0.00429738936888,138.0,0.107142857143
946,0.00194232860334,133.0,0.0265486725664
947,0.00392020382247,137.0,0.0973451327434
948,0.0064562598219,138.0,0.223300970874
949,0.0079679068877,143.0,0.295238095238
950,0.0048670390252,141.0,0.204081632653
951,0.00756934605234,144.0,0.333333333333
952,0.00771651588257,145.0,0.340425531915
953,0.0064083248711,140.0,0.272727272727
954,0.00603713095996,144.0,0.265306122449
955,0.0086566256779,144.0,0.393258426966
956,0.00784149696195,151.0,0.386363636364
957,0.00478688304571,146.0,0.255813953488
958,0.00642759330463,152.0,0.333333333333
959,0.00252003868919,145.0,0.159090909091
960,-0.000757560093329,138.0,0.0112359550562
961,0.00283707402916,148.0,0.182795698925
962,0.00275483011326,150.0,0.182795698925
963,-0.000179802845848,150.0,0.0617283950617
964,-0.00185801976564,141.0,-0.0227272727273
965,-0.00110092621401,138.0,0.0
966,0.00117279005773,143.0,0.116279069767
967,-0.000779437833432,139.0,0.0232558139535
968,-0.00180650228618,136.0,-0.0227272727273
969,-0.00296398041844,135.0,-0.0952380952381
970,-0.00362535657583,129.0,-0.136363636364
971,-0.00464582442146,129.0,-0.176470588235
972,-0.005223908704,127.0,-0.209302325581
973,-0.00641709757976,118.0,-0.244444444444
974,-0.00773184011815,116.0,-0.318181818182
975,-0.00684979746372,121.0,-0.247311827957
976,-0.00905049665953,118.0,-0.370786516854
977,-0.0134880948457,95.0,-0.476635514019
978,-0.013503393927,100.0,-0.490566037736
979,-0.0123146778188,97.0,-0.470588235294
980,-0.00701519213584,110.0,-0.259259259259
981,-0.00882949503678,112.0,-0.36
982,-0.0109186946923,106.0,-0.423076923077
983,-0.0111199724989,105.0,-0.428571428571
984,-0.00432739595707,123.0,-0.157894736842
985,-0.00394717835739,122.0,-0.142857142857
986,-0.00285028328199,131.0,-0.103448275862
987,-0.00365276341122,124.0,-0.126050420168
988,-0.00383737978558,120.0,-0.133333333333
989,-0.00231899798397,126.0,-0.072
990,-0.00183922035682,122.0,-0.0569105691057
991,-0.00200932387583,121.0,-0.0645161290323
992,-0.00235256978587,118.0,-0.072
993,0.00102597050437,121.0,0.0252100840336
994,0.000793269306185,120.0,0.0338983050847
995,-6.20468950433e-06,122.0,0.00869565217391
996,0.000991494379423,123.0,0.0442477876106
997,0.00299876344778,107.0,0.11320754717
998,0.000434385418322,102.0,0.0188679245283
999,0.00320170134812,110.0,0.117117117117
1000,0.00196397348064,119.0,0.0841121495327
1001,0.00124679643533,118.0,0.0566037735849
1002,0.000632022165618,110.0,0.037037037037
1003,0.00222258773115,115.0,0.0892857142857
1004,-0.00328064502316,109.0,-0.14
1005,-0.0025335353115,111.0,-0.108910891089
1006,-0.00689262265938,103.0,-0.28
1007,-0.00443646822082,105.0,-0.2
1008,-0.00227766169259,109.0,-0.115789473684
1009,-0.00425346958394,107.0,-0.208791208791
1010,-0.00396761701158,105.0,-0.191011235955
1011,-0.0015076645036,113.0,-0.0833333333333
1012,-0.00171616515632,109.0,-0.0927835051546
1013,-0.00388910845177,104.0,-0.171717171717
1014,0.000368986645143,120.0,0.0
1015,-0.000602635945278,118.0,-0.0350877192982
1016,-0.00185572480013,114.0,-0.0769230769231
1017,0.000847260244385,110.0,0.0285714285714
1018,0.00245533241787,111.0,0.0891089108911
1019,-0.000146349063744,109.0,-0.0105263157895
1020,-0.00150092626362,112.0,-0.0786516853933
1021,-0.00359216408177,103.0,-0.154639175258
1022,-0.00113823772552,104.0,-0.0666666666667
1023,-0.00318982571725,101.0,-0.159090909091
1024,0.000221684829955,109.0,0.0
1025,-4.51049376179e-05,110.0,-0.0112359550562
1026,0.00255615288922,113.0,0.119047619048
1027,0.00183930657176,113.0,0.0975609756098
1028,0.000660041219684,113.0,0.0512820512821
1029,0.00168398570666,115.0,0.102564102564
1030,0.00394767923025,122.0,0.204819277108
1031,0.00266043132471,126.0,0.164556962025
1032,0.00163926278176,118.0,0.10843373494
1033,0.00514601106736,127.0,0.264367816092
1034,0.00140546947761,127.0,0.0985915492958
1035,0.000318926061819,121.0,0.04
1036,0.0032348613565,128.0,0.179487179487
1037,0.00435296511195,129.0,0.253333333333
1038,0.00442924208186,131.0,0.263157894737
1039,0.00224812294965,121.0,0.142857142857
1040,0.0026976219266,126.0,0.162790697674
1041,0.00512665197875,127.0,0.307692307692
1042,0.00451167021973,128.0,0.307692307692
1043,0.00718119744044,137.0,0.428571428571
1044,0.00483318739546,136.0,0.350649350649
1045,0.00719580702714,147.0,0.425287356322
1046,0.00661880786522,146.0,0.388235294118
1047,0.00697582359563,147.0,0.395348837209
1048,0.00420713267688,136.0,0.237113402062
1049,0.00572734596406,145.0,0.288461538462
1050,0.00399067873899,145.0,0.237113402062
1051,0.00234235893658,143.0,0.178947368421
1052,0.00101072013276,130.0,0.12
1053,0.00214449630698,143.0,0.153846153846
1054,0.00194449256656,141.0,0.132075471698
1055,0.00393650542957,143.0,0.21568627451
1056,0.000286169047713,134.0,0.0576923076923
1057,0.000573217299196,136.0,0.0666666666667
1058,0.000166985187009,136.0,0.0485436893204
1059,0.00278379793166,137.0,0.170212765957
1060,0.00177675893535,137.0,0.123595505618
1061,-0.00131415051233,125.0,-0.02
1062,0.000695329266597,132.0,0.0377358490566
1063,-0.000333284928111,137.0,0.0
1064,-0.000557395283624,134.0,-0.0192307692308
1065,-0.00253082284614,137.0,-0.104166666667
1066,-0.00294691394348,135.0,-0.113402061856
1067,-0.00321624334783,135.0,-0.125
1068,0.0014772388767,143.0,0.0752688172043
1069,0.000429560884175,148.0,0.0337078651685
1070,-0.000565869075933,143.0,-0.0212765957447
1071,0.00174758240344,147.0,0.0416666666667
1072,0.00440587662043,145.0,0.176470588235
1073,-0.000395371206354,140.0,-0.038961038961
1074,-0.00030815384826,139.0,-0.0263157894737
1075,0.000140958237549,143.0,0.0
1076,-0.000376737958701,133.0,-0.0126582278481
1077,-0.000606363866968,134.0,-0.025641025641
1078,0.000207578798925,138.0,0.0243902439024
1079,-0.000881857906696,133.0,-0.046511627907
1080,0.000133500060075,138.0,0.010989010989
1081,0.00174722246698,132.0,0.0823529411765
1082,0.000510280413781,133.0,0.0126582278481
1083,0.000357664995823,137.0,0.0
1084,-0.000394252237467,131.0,-0.037037037037
1085,-0.000314963427951,135.0,-0.0243902439024
1086,0.00025529957798,135.0,0.0
1087,0.00230451936872,144.0,0.101123595506
1088,-6.83948596911e-05,142.0,-0.0120481927711
1089,-0.000630547618414,144.0,-0.05
1090,-0.00120865566545,137.0,-0.0731707317073
1091,-0.00528688836614,124.0,-0.252747252747
1092,-0.00352411347793,128.0,-0.182795698925
1093,-0.00223966942149,128.0,-0.136363636364
1094,-0.00350586707264,122.0,-0.182795698925
1095,-0.00584761838313,117.0,-0.276595744681
1096,-0.00338504396658,117.0,-0.190476190476
1097,-0.00395594044481,116.0,-0.214285714286
1098,-0.00351327404223,121.0,-0.2
1099,-0.0021936147269,122.0,-0.135802469136
1100,-0.00485527471531,116.0,-0.268292682927
1101,-0.00332800630914,116.0,-0.210526315789
1102,-0.00351223829617,118.0,-0.194805194805
1103,-0.00481387675344,117.0,-0.27027027027
1104,-0.00272019695834,119.0,-0.171428571429
1105,-0.00302441635416,121.0,-0.205882352941
1106,-0.00529598748376,112.0,-0.298701298701
1107,-0.00792224022997,110.0,-0.485714285714
1108,-0.00607581601206,115.0,-0.369863013699
1109,-0.00659651374703,115.0,-0.408450704225
1110,-0.00467001850735,116.0,-0.323076923077
1111,-0.000517598343685,122.0,-0.0344827586207
1112,-0.00171687581827,121.0,-0.127272727273
1113,-0.00155465129593,122.0,-0.107142857143
1114,0.00177467855555,130.0,0.137931034483
1115,0.00277698304089,129.0,0.222222222222
1116,0.00285785922836,129.0,0.222222222222
1117,-0.000804600147624,112.0,-0.0571428571429
1118,-0.00233023725801,111.0,-0.151515151515
1119,-0.00152886956149,114.0,-0.117647058824
1120,0.000832021851553,117.0,0.0153846153846
1121,-0.00103098041795,111.0,-0.0704225352113
1122,-0.000500747891205,114.0,-0.0555555555556
1123,0.00118071496633,119.0,0.0263157894737
1124,0.00134187779884,122.0,0.038961038961
1125,-0.000422689022521,117.0,-0.05
1126,0.00190750515818,116.0,0.0555555555556
1127,0.00110330201736,111.0,0.0133333333333
1128,0.00428415477253,129.0,0.159090909091
1129,0.00397326235848,128.0,0.14606741573
1130,0.00331007172181,127.0,0.123595505618
1131,0.00273648585952,130.0,0.093023255814
1132,0.00252246250291,129.0,0.093023255814
1133,0.00239830190855,129.0,0.0823529411765
1134,-0.000586844026349,125.0,-0.0617283950617
1135,-0.000425065618495,124.0,-0.0617283950617
1136,-0.00104036507393,122.0,-0.0843373493976
1137,0.00245533798757,120.0,0.117647058824
1138,0.00354691440794,124.0,0.183098591549
1139,0.00115101152362,118.0,0.0540540540541
1140,0.00146343426754,123.0,0.0789473684211
1141,0.00347013857935,125.0,0.194444444444
1142,0.00184266732633,122.0,0.111111111111
1143,-0.000513187426269,118.0,-0.0140845070423
1144,-0.00180624764257,115.0,-0.0985915492958
1145,0.000455922320636,119.0,0.0285714285714
1146,-0.000300786391241,117.0,0.0140845070423
1147,0.00184021756001,120.0,0.130434782609
1148,-0.00226591799464,121.0,-0.153846153846
1149,-0.00271242646604,118.0,-0.185185185185
1150,-0.000700412589854,124.0,-0.0508474576271
1151,0.00013926388017,132.0,0.03125
1152,0.000915211392431,133.0,0.0625
1153,-0.00162011380253,123.0,-0.0810810810811
1154,0.000580941127269,128.0,0.04
1155,0.00143018819743,131.0,0.0909090909091
1156,0.00330571508682,136.0,0.175
1157,0.00398965082402,137.0,0.215189873418
1158,0.00264029686951,135.0,0.142857142857
1159,0.00473152374765,139.0,0.28
1160,0.00433841827093,142.0,0.260273972603
1161,8.32038348847e-06,125.0,0.0
1162,0.0011348479466,126.0,0.046511627907
1163,0.00187212023897,125.0,0.0843373493976
1164,0.00410598331941,131.0,0.186046511628
1165,0.00348472163102,133.0,0.166666666667
1166,0.00487269087715,135.0,0.214285714286
1167,0.00475078109506,138.0,0.214285714286
1168,0.0016488523071,127.0,0.063829787234
1169,0.00164928625965,123.0,0.0526315789474
1170,0.000229494954813,124.0,0.0
1171,-0.000415731903621,128.0,-0.046511627907
1172,0.000564225271353,133.0,0.0
1173,0.00244865638403,131.0,0.0975609756098
1174,0.000577580641313,128.0,0.0
1175,0.00105907858556,134.0,0.0361445783133
1176,-0.00207383902678,127.0,-0.105882352941
1177,-0.00163592224144,129.0,-0.093023255814
1178,-0.00239698390869,124.0,-0.123595505618
1179,-0.00471245052039,117.0,-0.239130434783
1180,-0.00360605504285,124.0,-0.1875
1181,0.000118444563194,122.0,-0.037037037037
1182,0.000628200961762,125.0,-0.0120481927711
1183,0.0020189450354,129.0,0.046511627907
1184,2.94260252659e-05,128.0,-0.037037037037
1185,-0.0013653076218,125.0,-0.0975609756098
1186,-0.000635893545793,130.0,-0.0588235294118
1187,-0.00121601583476,131.0,-0.0843373493976
1188,-0.000763955453058,122.0,-0.0617283950617
1189,-0.000155517522889,121.0,-0.025641025641
1190,0.000673391874733,125.0,0.0123456790123
1191,-0.000812224727998,123.0,-0.0632911392405
1192,-0.00313161595247,119.0,-0.179487179487
1193,-0.00219459572547,120.0,-0.142857142857
1194,-0.000254448685334,125.0,-0.0379746835443
1195,-0.00139134429759,125.0,-0.123287671233
1196,0.00188545326146,130.0,0.0422535211268
1197,0.00258622240356,135.0,0.0810810810811
1198,0.00142447672316,126.0,0.025641025641
1199,0.00107944601252,119.0,0.025641025641
1200,-0.000755430608489,119.0,-0.0704225352113
1201,0.0015724137931,125.0,0.04
1202,-0.00131021650484,118.0,-0.0886075949367
1203,-0.000509988074423,126.0,-0.0361445783133
1204,-0.000273618653998,126.0,-0.0243902439024
1205,0.000376948013484,125.0,0.0
1206,-0.00212657204516,121.0,-0.113924050633
1207,-0.00318388564003,117.0,-0.170731707317
1208,9.89694044407e-05,120.0,-0.0263157894737
1209,0.00211730306158,128.0,0.0843373493976
1210,0.000806366418839,127.0,0.025
1211,-0.000626309680869,120.0,-0.0352941176471
1212,0.00143882917572,124.0,0.0588235294118
1213,0.00162733930024,126.0,0.0697674418605
1214,-0.000288670151736,123.0,-0.0238095238095
1215,-0.000932309699433,121.0,-0.046511627907
1216,-0.00239502367542,121.0,-0.111111111111
1217,-0.00347749702704,122.0,-0.168831168831
1218,-0.00111901609663,122.0,-0.0588235294118
1219,0.00131523333582,125.0,0.09375
1220,0.00100240285516,124.0,0.0769230769231
1221,-0.00291789218138,115.0,-0.147058823529
1222,-0.000220925282321,118.0,0.0
1223,-0.00183986196248,119.0,-0.122807017544
1224,-0.000209776671626,125.0,-0.015873015873
1225,-0.000644303964989,122.0,-0.0461538461538
1226,0.000246698377995,120.0,-0.015873015873
1227,0.000494446881639,118.0,0.016393442623
1228,0.000294249626671,120.0,0.0
1229,-0.000965500152426,122.0,-0.111111111111
1230,-0.00114716172783,120.0,-0.127272727273
1231,0.00309299254153,130.0,0.172413793103
1232,0.00118666135658,127.0,0.0526315789474
1233,-0.000211657140498,123.0,-0.0508474576271
1234,0.00118601608785,126.0,0.0508474576271
1235,0.00232544745065,128.0,0.118644067797
1236,0.00350625851343,132.0,0.174603174603
1237,0.00352594479218,133.0,0.174603174603
1238,0.00358461863108,133.0,0.174603174603
1239,0.00244067468948,132.0,0.114754098361
1240,0.00360581566431,136.0,0.1875
1241,0.00426799894147,130.0,0.245901639344
1242,0.00401302815255,132.0,0.233333333333
1243,0.00376913973481,132.0,0.220338983051
1244,0.00189942444561,131.0,0.111111111111
1245,0.00262403041691,131.0,0.176470588235
1246,0.00233995782788,129.0,0.176470588235
1247,0.0012797261988,123.0,0.0909090909091
1248,0.00131979847444,125.0,0.0909090909091
1249,0.00204223173556,130.0,0.137931034483
1250,0.00180959219139,127.0,0.118644067797
1251,0.000107128726176,129.0,-0.0196078431373
1252,0.000621125417263,128.0,0.0204081632653
1253,0.0028965383814,133.0,0.2
1254,-0.000637932156543,121.0,-0.0847457627119
1255,-0.0011552812141,121.0,-0.122807017544
1256,-0.00105292528765,125.0,-0.122807017544
1257,-0.00268714942117,120.0,-0.213114754098
1258,-0.00204963556487,122.0,-0.174603174603
1259,-0.0016708386846,122.0,-0.161290322581
1260,-0.00283040704412,121.0,-0.254237288136
1261,-0.000239565137604,125.0,-0.0877192982456
1262,-0.0017486951583,121.0,-0.186440677966
1263,0.00053373180272,129.0,-0.044776119403
1264,0.000917434096517,129.0,-0.030303030303
1265,3.62740703658e-05,126.0,-0.0724637681159
1266,-0.000712957545962,121.0,-0.111111111111
1267,0.00175716738903,123.0,0.0
1268,0.00135020903937,124.0,-0.0149253731343
1269,0.00115524483428,128.0,-0.030303030303
1270,0.00044081965229,122.0,-0.0724637681159
1271,0.000893367802906,126.0,-0.0422535211268
1272,0.00255823178355,131.0,0.04
1273,0.000526979290633,129.0,-0.0555555555556
1274,0.00482948772632,134.0,0.2
1275,0.00390798268557,131.0,0.147058823529
1276,0.00285568575875,132.0,0.107692307692
1277,0.00189279280557,124.0,0.0588235294118
1278,0.00456464554559,135.0,0.168831168831
1279,0.0032921505642,130.0,0.0975609756098
1280,0.00534252734009,137.0,0.181818181818
1281,0.00473744187404,139.0,0.162790697674
1282,0.00633522909839,142.0,0.247058823529
1283,0.00438161496493,143.0,0.179487179487
1284,0.0044172251664,144.0,0.189873417722
1285,0.00496339703657,143.0,0.220779220779
1286,0.00680077186497,145.0,0.324324324324
1287,0.00462357630082,140.0,0.220779220779
1288,0.00475805047499,142.0,0.230769230769
1289,0.00313980977606,140.0,0.157894736842
1290,0.00499450806882,142.0,0.277777777778
1291,0.00392672502512,141.0,0.217391304348
1292,0.00276627099561,142.0,0.169230769231
1293,0.00281666764924,140.0,0.169230769231
1294,0.0027710794002,146.0,0.181818181818
1295,0.00379440199079,147.0,0.25
1296,0.00211672561017,141.0,0.130434782609
1297,0.00499783579652,144.0,0.3125
1298,0.00180519338072,144.0,0.169811320755
1299,0.0031418110938,144.0,0.291666666667
1300,0.00161859050782,144.0,0.170731707317
1301,0.00131323639228,145.0,0.15
1302,0.000749881082291,145.0,0.0810810810811
1303,0.00195276341243,151.0,0.190476190476
1304,0.00122411865119,149.0,0.116279069767
1305,0.0022598267632,152.0,0.2
1306,0.00187318145859,153.0,0.181818181818
1307,0.00324907496594,154.0,0.35
1308,0.00172582647351,149.0,0.162790697674
1309,0.000794155169341,144.0,0.0869565217391
1310,0.000917019749037,146.0,0.0869565217391
1311,0.0010083358295,146.0,0.111111111111
1312,0.00149833613906,149.0,0.148936170213
1313,0.003127918345,153.0,0.265306122449
1314,0.00267874261243,157.0,0.234042553191
1315,0.00211026471035,156.0,0.191489361702
1316,0.00438923929427,159.0,0.409090909091
1317,0.00420006712362,161.0,0.395348837209
1318,0.000217622461262,147.0,0.0526315789474
1319,-0.000576581904199,145.0,0.0169491525424
1320,0.000627872221982,150.0,0.09375
1321,-0.00137055958527,142.0,-0.0422535211268
1322,-0.000639944920603,145.0,0.0
1323,-0.00339737969301,139.0,-0.162162162162
1324,-0.00414168900319,133.0,-0.205128205128
1325,-0.00452741702742,135.0,-0.220779220779
1326,-0.00513917374884,134.0,-0.246753246753
1327,-0.00551904450159,133.0,-0.272727272727
1328,-0.00131118215727,144.0,-0.0602409638554
1329,-0.00149579754962,138.0,-0.0714285714286
1330,-0.00127568527714,140.0,-0.0714285714286
1331,-0.00264272961651,136.0,-0.113636363636
1332,-0.000260200453662,147.0,-0.0208333333333
1333,-0.00420099401094,136.0,-0.165048543689
1334,-0.00629565732058,131.0,-0.25
1335,-0.00455610283419,136.0,-0.185185185185
1336,-0.00384763705237,143.0,-0.142857142857
1337,-0.00460313205102,142.0,-0.171171171171
1338,0.000875207557512,146.0,-0.00990099009901
1339,0.00186495913639,148.0,0.029702970297
1340,0.00162400220204,152.0,0.02
1341,0.00133590365277,145.0,0.030303030303
1342,9.76665610812e-05,143.0,-0.0204081632653
1343,0.00163876024225,144.0,0.0537634408602
1344,0.00282554714375,144.0,0.126436781609
1345,0.00324461061645,148.0,0.14606741573
1346,0.00544400596348,157.0,0.237113402062
1347,0.0171045164836,202.0,0.489361702128
1348,7.39402773817e-05,150.0,0.032967032967
1349,0.00668760516001,170.0,0.163265306122
1350,0.00608470632039,169.0,0.148717948718
1351,0.00660985469245,165.0,0.148717948718
1352,0.00292735133597,162.0,0.0802139037433
1353,0.00667102065539,164.0,0.157303370787
1354,0.00847533331157,167.0,0.204545454545
1355,0.00735835251969,168.0,0.186046511628
1356,0.00500011079896,164.0,0.12426035503
1357,0.00455052165476,162.0,0.117647058824
1358,0.00270966751771,160.0,0.0833333333333
1359,-0.00120615360231,144.0,-0.021978021978
1360,-0.0044105213231,136.0,-0.0860215053763
1361,-0.000963235432056,141.0,-0.0217391304348
1362,5.73542600177e-05,143.0,0.0
1363,-0.000809813461669,141.0,-0.0162162162162
1364,0.00170946877734,151.0,0.0358974358974
1365,-0.000918376720597,143.0,-0.0251256281407
1366,-0.00271438834931,143.0,-0.0736842105263
1367,-0.0130360775522,150.0,-0.342105263158
1368,0.00204260285964,149.0,-0.00990099009901
1369,-0.00356239665402,149.0,-0.259259259259
1370,-0.00473934351792,145.0,-0.285714285714
1371,-0.00393138148819,145.0,-0.25
1372,-0.0038246487024,142.0,-0.25
1373,-0.00208532657485,151.0,-0.149425287356
1374,-0.00417510997992,147.0,-0.227272727273
1375,-0.00499335588566,145.0,-0.258426966292
1376,-0.00236664852127,151.0,-0.142857142857
1377,-0.00259832112994,148.0,-0.152173913043
1378,-0.00235204646941,147.0,-0.142857142857
1379,0.00364973690502,154.0,0.121951219512
1380,0.0065080178993,159.0,0.291139240506
1381,0.00521215743191,159.0,0.243243243243
1382,0.0039501754534,156.0,0.173333333333
1383,0.004489254439,156.0,0.205479452055
1384,0.0023041180102,157.0,0.09375
1385,0.00428215636256,157.0,0.25
1386,0.00448570675829,158.0,0.263157894737
1387,-4.81769764836e-05,147.0,-0.0491803278689
1388,0.000677289488477,149.0,0.0
1389,0.00384499346818,161.0,0.162162162162
1390,0.00234802049571,152.0,0.0886075949367
1391,0.00244902266649,153.0,0.1
1392,0.00197912194849,149.0,0.0864197530864
1393,-0.001631160044,146.0,-0.0666666666667
1394,0.00259229216831,157.0,0.121951219512
1395,0.00270614008803,154.0,0.10843373494
1396,0.00264976470442,159.0,0.0975609756098
1397,0.00133728284973,151.0,0.0344827586207
1398,0.00239060400641,155.0,0.0888888888889
1399,0.000495626046957,156.0,0.0238095238095
1400,-0.00041906157153,155.0,-0.05
1401,0.00292571501358,169.0,0.106382978723
1402,0.00270192184306,169.0,0.142857142857
1403,0.000586724938541,161.0,0.0505050505051
1404,0.00255023583877,169.0,0.11320754717
1405,0.0024687548937,170.0,0.121495327103
1406,0.00359912682899,177.0,0.16814159292
1407,0.00708081439789,180.0,0.314285714286
1408,0.00570580468821,177.0,0.264150943396
1409,0.0017462042495,173.0,0.122448979592
1410,0.00488368098013,177.0,0.268817204301
1411,0.00443358654201,175.0,0.234042553191
1412,0.0060857894871,178.0,0.311827956989
1413,0.00748896709239,180.0,0.369565217391
1414,0.0044871528752,180.0,0.283950617284
1415,0.00593355475345,185.0,0.373493975904
1416,0.0038525619769,184.0,0.316455696203
1417,0.00700790888959,190.0,0.506493506494
1418,0.00760087717332,195.0,0.512820512821
1419,0.00572274543379,190.0,0.414634146341
1420,0.00695194635873,195.0,0.46511627907
1421,0.00357936050004,195.0,0.361111111111
1422,-0.00217151264586,169.0,0.0
1423,0.000355492356914,171.0,0.108695652174
1424,-0.00140288628592,169.0,0.0
1425,-0.00263001186584,165.0,-0.0561797752809
1426,-0.00509877387775,162.0,-0.176470588235
1427,-0.00467451129041,168.0,-0.136363636364
1428,-0.00404350374592,167.0,-0.116279069767
1429,-0.00358396814651,165.0,-0.0952380952381
1430,-0.00563336265678,160.0,-0.2
1431,-0.00396313619491,165.0,-0.113636363636
1432,-0.00536634307795,163.0,-0.172413793103
1433,-0.00641479007906,161.0,-0.218390804598
1434,-0.00990085131234,147.0,-0.326732673267
1435,-0.0118849338205,144.0,-0.414141414141
1436,-0.0143700353738,132.0,-0.472727272727
1437,-0.0211582177391,111.0,-0.632
1438,-0.0235892972918,107.0,-0.709677419355
1439,-0.0196235218062,116.0,-0.578125
1440,-0.0215691726089,114.0,-0.648
1441,-0.0219377200289,112.0,-0.653543307087
1442,-0.0151289748368,111.0,-0.56862745098
1443,-0.0154950689021,112.0,-0.584158415842
1444,-0.0161439662642,110.0,-0.584158415842
1445,-0.0160222517703,106.0,-0.584158415842
1446,-0.0158988353351,103.0,-0.584158415842
1447,-0.0179441228639,101.0,-0.690721649485
1448,-0.017733454821,101.0,-0.6875
1449,-0.0199426841196,91.0,-0.711538461538
1450,-0.0202787914555,85.0,-0.714285714286
1451,-0.0218110653082,84.0,-0.80198019802
1452,-0.0202620865477,87.0,-0.745098039216
1453,-0.0197104206299,87.0,-0.74
1454,-0.0157827878183,88.0,-0.67816091954
1455,-0.016776974586,81.0,-0.692307692308
1456,-0.0116814182049,88.0,-0.511627906977
1457,-0.00733324725458,84.0,-0.391304347826
1458,-0.00439923013473,91.0,-0.222222222222
1459,-0.00640212446598,92.0,-0.375
1460,-0.00473438127943,96.0,-0.272727272727
1461,-0.00502638545453,93.0,-0.283582089552
1462,-0.00961454517479,75.0,-0.428571428571
1463,-0.00798549698796,81.0,-0.348314606742
1464,-0.0129698553744,61.0,-0.457943925234
1465,-0.011974778612,61.0,-0.436893203883
1466,-0.0117945399605,59.0,-0.43137254902
1467,-0.0120977095098,56.0,-0.436893203883
1468,-0.0123914090789,55.0,-0.442307692308
1469,-0.00834117557788,59.0,-0.326530612245
1470,-0.00692658018304,58.0,-0.290322580645
1471,-0.0066213957109,58.0,-0.282608695652
1472,-0.00699400792233,60.0,-0.296703296703
1473,-0.00609008968641,63.0,-0.255319148936
1474,-0.00423338147283,70.0,-0.18
1475,-0.00106628030015,75.0,-0.0612244897959
1476,-0.00407734777462,71.0,-0.178947368421
1477,-0.00414933364963,67.0,-0.178947368421
1478,-0.00670124155273,65.0,-0.288888888889
1479,-0.00929410122893,57.0,-0.360824742268
1480,-0.0113463454651,54.0,-0.4375
1481,-0.00792803642608,63.0,-0.294117647059
1482,-0.00565008316858,54.0,-0.225806451613
1483,-0.00675705331382,56.0,-0.280898876404
1484,-0.00503304748035,43.0,-0.219512195122
1485,-0.00422760939047,46.0,-0.176470588235
1486,-0.0042330020054,44.0,-0.176470588235
1487,-0.00485642441795,39.0,-0.195402298851
1488,-0.00434773260702,40.0,-0.172413793103
1489,-0.00626535626536,37.0,-0.255813953488
1490,7.66654188044e-05,61.0,0.0275229357798
1491,-0.00230628790672,52.0,-0.0508474576271
1492,0.0033451672011,76.0,0.114285714286
1493,0.00379668980741,81.0,0.12676056338
1494,-0.00373678918987,58.0,-0.0759493670886
1495,-0.00501028864293,58.0,-0.111111111111
1496,-0.0160546830229,13.0,-0.298969072165
1497,-0.00647668032349,44.0,-0.10407239819
1498,-0.00307249971812,55.0,-0.0434782608696
1499,-0.0037058804323,45.0,-0.051724137931
1500,-0.00571330285701,34.0,-0.0833333333333
1501,-0.00942707482999,29.0,-0.14406779661
1502,-0.00854567056111,23.0,-0.1330472103
1503,-0.00829056158248,26.0,-0.128205128205
1504,-0.00531427715911,24.0,-0.085201793722
1505,-0.00742553698502,19.0,-0.12
1506,-0.00952852374294,9.0,-0.150214592275
1507,-0.00439363758646,23.0,-0.0661157024793
1508,-0.00489500838909,22.0,-0.0743801652893
1509,-0.0038126519506,23.0,-0.0583333333333
1510,-0.00915697450427,27.0,-0.154545454545
1511,-0.00697598204549,26.0,-0.122641509434
1512,-0.0187449431593,6.0,-0.336538461538
1513,-0.0219516180353,-1.0,-0.390476190476
1514,-0.0123200458684,12.0,-0.23
1515,-0.0155329405463,0.0,-0.27358490566
1516,-0.00269771382943,3.0,-0.0588235294118
1517,-0.0109711235655,3.0,-0.294964028777
1518,-0.0111088383267,14.0,-0.294964028777
1519,-0.0112933600623,3.0,-0.3
1520,-0.00909820711801,0.0,-0.257575757576
1521,-0.00432091918811,13.0,-0.114285714286
1522,-0.00378174548828,9.0,-0.101449275362
1523,-0.00352710366233,13.0,-0.0935251798561
1524,-0.00458211328375,7.0,-0.118881118881
1525,-0.00270836915641,9.0,-0.0714285714286
1526,-0.00161369622351,3.0,-0.0441176470588
1527,-0.00537026641799,3.0,-0.16393442623
1528,-0.00536681522604,2.0,-0.16393442623
1529,-0.0047897387756,5.0,-0.145161290323
1530,-0.00378314666551,13.0,-0.109375
1531,-0.00247130921367,17.0,-0.0687022900763
1532,0.00523604611782,26.0,0.166666666667
1533,0.00409465194362,14.0,0.12
1534,0.000598165066502,14.0,0.0178571428571
1535,0.00247952140795,9.0,0.0857142857143
1536,0.00136088709677,8.0,0.0485436893204
1537,-0.000536819986073,1.0,-0.0181818181818
1538,-0.00298152719924,3.0,-0.108910891089
1539,-0.000266745354344,2.0,-0.010989010989
1540,-0.00195014214366,-7.0,-0.0721649484536
1541,-0.00549593437877,-7.0,-0.238095238095
1542,-0.00411592906944,-6.0,-0.185185185185
1543,-0.00631542266761,-10.0,-0.283950617284
1544,-0.00492665610696,-11.0,-0.236842105263
1545,-0.00639558715406,-14.0,-0.298701298701
1546,-0.00304668165726,-8.0,-0.142857142857
1547,-0.00652174768927,-21.0,-0.266666666667
1548,-0.00410731650666,-13.0,-0.154639175258
1549,-0.00412103870233,-10.0,-0.154639175258
1550,-0.0106412674022,-25.0,-0.365384615385
1551,-0.014483373915,-35.0,-0.472727272727
1552,-0.0146835009183,-27.0,-0.48623853211
1553,-0.0110028561231,-26.0,-0.408163265306
1554,-0.00777932550625,-14.0,-0.254545454545
1555,-0.00583457134819,-12.0,-0.196261682243
1556,-0.00386838038623,-6.0,-0.125
1557,-0.00443209347231,-15.0,-0.140350877193
1558,-0.00467790345607,-14.0,-0.150442477876
1559,-0.00794202185982,-27.0,-0.232
1560,-0.00771137427706,-35.0,-0.225806451613
1561,-0.00743953087066,-34.0,-0.216
1562,-0.00926230808902,-39.0,-0.255813953488
1563,-0.00982234623374,-45.0,-0.267175572519
1564,-0.00958234768394,-45.0,-0.261538461538
1565,-0.00565000704847,-34.0,-0.144927536232
1566,-0.010439882644,-45.0,-0.258741258741
1567,-0.00333547828314,-32.0,-0.0769230769231
1568,-0.00325034739752,-24.0,-0.0769230769231
1569,-0.00575405188844,-30.0,-0.13698630137
1570,0.000184110056285,-24.0,0.00729927007299
1571,0.00406385729117,-20.0,0.114503816794
1572,0.00298058013766,-16.0,0.0866141732283
1573,0.00327039849675,-14.0,0.09375
1574,0.00192731277533,-7.0,0.0569105691057
1575,0.00193184410404,-5.0,0.0569105691057
1576,-0.00171536251119,-12.0,-0.0483870967742
1577,-0.00204845223239,-22.0,-0.056
1578,-0.00174540571516,-20.0,-0.047619047619
1579,0.00183884631594,-20.0,0.0619469026549
1580,0.00268606513507,-25.0,0.0909090909091
1581,0.00099124173962,-30.0,0.0350877192982
1582,0.00580907825406,-18.0,0.173553719008
1583,0.00974068306901,-10.0,0.284552845528
1584,0.00407581990125,-30.0,0.104895104895
1585,0.00190821950131,-27.0,0.0518518518519
1586,0.00241320601081,-36.0,0.0676691729323
1587,-0.00120455634064,-36.0,-0.0333333333333
1588,-0.00343412856863,-36.0,-0.107142857143
1589,0.0044345401097,-14.0,0.125
1590,0.00166941798708,-18.0,0.047619047619
1591,-0.00220657350569,-28.0,-0.0606060606061
1592,-0.00279107817425,-26.0,-0.0769230769231
1593,-0.0049480530739,-32.0,-0.134328358209
1594,-0.00774565240585,-35.0,-0.215384615385
1595,-0.00486924204856,-23.0,-0.128571428571
1596,-0.00347765554925,-25.0,-0.0962962962963
1597,-0.000467943740483,-24.0,-0.015873015873
1598,-0.00157101989257,-26.0,-0.047619047619
1599,-0.00267842276546,-30.0,-0.0769230769231
1600,-0.00188561315223,-32.0,-0.0551181102362
1601,-0.00131796095999,-35.0,-0.04
1602,-0.00157524058054,-24.0,-0.0483870967742
1603,-0.00514615823196,-29.0,-0.157024793388
1604,0.000732741090305,-28.0,0.0196078431373
1605,-0.0025294977246,-37.0,-0.0925925925926
1606,-0.00114458330595,-41.0,-0.0485436893204
1607,-0.000825087204887,-40.0,-0.0384615384615
1608,-0.00360084328478,-50.0,-0.122807017544
1609,-0.0101457390352,-51.0,-0.397849462366
1610,-0.00515219335346,-37.0,-0.184466019417
1611,-0.00214711210915,-36.0,-0.0851063829787
1612,0.00191699759282,-19.0,0.0642201834862
1613,0.00244390547758,-23.0,0.0841121495327
1614,0.0029909529337,-24.0,0.104761904762
1615,0.000168565127521,-22.0,0.0105263157895
1616,0.00555046589298,-5.0,0.181818181818
1617,-0.00565852058389,-45.0,-0.140939597315
1618,-0.00615751011624,-49.0,-0.152317880795
1619,-0.00350292129994,-43.0,-0.0849673202614
1620,-0.00454863026292,-49.0,-0.108280254777
1621,-0.00319820705572,-47.0,-0.0769230769231
1622,-0.00807063827496,-54.0,-0.197368421053
1623,-0.00585727206167,-51.0,-0.146666666667
1624,-0.00571604973596,-49.0,-0.139072847682
1625,-0.00286231167288,-48.0,-0.0769230769231
1626,-0.000541728738969,-43.0,-0.0138888888889
1627,-0.00267881100654,-50.0,-0.0666666666667
1628,-0.000433807918002,-52.0,-0.0140845070423
1629,0.00202993432932,-44.0,0.0469798657718
1630,-0.00424465574124,-53.0,-0.111111111111
1631,-0.00555744634051,-57.0,-0.142857142857
1632,-0.00882197083798,-53.0,-0.253731343284
1633,-0.00803764535648,-54.0,-0.236641221374
1634,-0.00734393758939,-52.0,-0.212121212121
1635,-0.00708192298006,-49.0,-0.203007518797
1636,-0.0117136442677,-49.0,-0.379310344828
1637,-0.000790744267809,-48.0,-0.038961038961
1638,1.45091681657e-05,-49.0,0.0
1639,-0.000739720769108,-46.0,-0.0422535211268
1640,0.00103038360059,-45.0,0.0606060606061
1641,0.00185749682932,-40.0,0.101449275362
1642,0.00267525462172,-44.0,0.151515151515
