300270.SZ,0.811245172737
601113.SH,0.763694916505
002660.SZ,0.744355761721
600593.SH,0.725734723994
600882.SH,0.705696623309
600290.SH,0.703393039698
300248.SZ,0.698594648194
002810.SZ,0.697667982304
300087.SZ,0.69186043649
002840.SZ,0.690796141711
601179.SH,0.689080607641
300074.SZ,0.688867901696
002609.SZ,0.687518840037
000534.SZ,0.683065800501
600687.SH,0.676760542045
600638.SH,0.665400658009
603268.SH,0.657672049637
002706.SZ,0.656517245307
300654.SZ,0.654953171203
601339.SH,0.653479481904
600961.SH,0.6495406009
000813.SZ,0.645591996547
603555.SH,0.644303903995
002669.SZ,0.643694166941
603686.SH,0.641442142273
002193.SZ,0.641229460855
002712.SZ,0.637912320077
002085.SZ,0.630327396911
002364.SZ,0.629736404953
300031.SZ,0.628666120217
300450.SZ,0.627185605909
603696.SH,0.625706661326
600782.SH,0.625386495913
600483.SH,0.624614079165
600851.SH,0.624323375504
600663.SH,0.624032548562
600083.SH,0.623778089049
603519.SH,0.623463409949
300233.SZ,0.622999938666
002071.SZ,0.620046592581
603085.SH,0.619882636594
600282.SH,0.617879420895
002547.SZ,0.61468244198
002434.SZ,0.608688137104
600173.SH,0.608473519023
600982.SH,0.606298375652
002480.SZ,0.605029185382
600735.SH,0.603130931729
000056.SZ,0.603066505453
600532.SH,0.602710233613
000961.SZ,0.602621830317
601229.SH,0.601571848381
002172.SZ,0.601321380449
600725.SH,0.599157378637
000166.SZ,0.598650120331
000055.SZ,0.598058429888
600238.SH,0.593331083321
002014.SZ,0.593188953011
002586.SZ,0.591951455928
300373.SZ,0.59177629901
002348.SZ,0.591237034
600741.SH,0.591008192507
000002.SZ,0.590888166703
002690.SZ,0.59002582782
601965.SH,0.589660833314
300284.SZ,0.587736386579
002723.SZ,0.586538677583
002202.SZ,0.586514001484
603338.SH,0.586346117669
002833.SZ,0.586148893837
300448.SZ,0.585877212999
000597.SZ,0.585711021747
002246.SZ,0.584844257857
300390.SZ,0.584309970905
002319.SZ,0.584282962985
601238.SH,0.583585887613
603038.SH,0.582855878295
000989.SZ,0.582633316981
002870.SZ,0.581839206361
600622.SH,0.581167739474
002798.SZ,0.581063632033
002372.SZ,0.580746257042
600463.SH,0.580154462561
300559.SZ,0.579636661766
600390.SH,0.57945067398
300124.SZ,0.579426398951
600358.SH,0.579319561692
000856.SZ,0.579286007618
600926.SH,0.578981437267
600340.SH,0.577412267671
600231.SH,0.577096152855
600280.SH,0.57534646867
002100.SZ,0.574436917178
000586.SZ,0.573730983196
300447.SZ,0.573327743873
300596.SZ,0.573005071719
002906.SZ,0.572830142777
601360.SH,0.572197465014
600815.SH,0.57113193872
603659.SH,0.571067112376
002656.SZ,0.570825520558
002614.SZ,0.570669149551
002008.SZ,0.569281752681
603179.SH,0.569024836594
300558.SZ,0.568970970964
300523.SZ,0.568310351685
002003.SZ,0.566549821749
000613.SZ,0.566483003636
002346.SZ,0.56646607413
300408.SZ,0.566302820162
002072.SZ,0.5659593843
603288.SH,0.565477182306
601228.SH,0.565306765886
600317.SH,0.565084506613
300393.SZ,0.565026399426
600507.SH,0.564967098422
002456.SZ,0.564523036253
300285.SZ,0.563890814567
600884.SH,0.563671687842
600439.SH,0.563550908367
300170.SZ,0.563275860117
002625.SZ,0.56293669197
600690.SH,0.562767547972
600257.SH,0.562601003745
000606.SZ,0.561994281304
002679.SZ,0.561735346844
600487.SH,0.561420647981
603960.SH,0.560398121739
603520.SH,0.559965781525
601155.SH,0.559775931828
002399.SZ,0.559748152595
002110.SZ,0.55948393071
600179.SH,0.559436992527
600479.SH,0.559265691303
001979.SZ,0.559200346173
600885.SH,0.559150167599
600760.SH,0.559116763717
300144.SZ,0.558416186624
300663.SZ,0.557722211028
600867.SH,0.557385644388
000010.SZ,0.55679030852
000898.SZ,0.556571502681
600909.SH,0.556433428538
000860.SZ,0.556327068092
600801.SH,0.55611508441
600766.SH,0.556010262882
600569.SH,0.555782120892
300505.SZ,0.555757310685
600406.SH,0.555697150049
002711.SZ,0.555436444324
000882.SZ,0.555352950787
002355.SZ,0.554340094523
300379.SZ,0.554237014416
000026.SZ,0.553921031263
600462.SH,0.553438099045
600778.SH,0.552091449869
000976.SZ,0.551813330701
000990.SZ,0.551548613276
000032.SZ,0.55145038489
002875.SZ,0.550080128282
600714.SH,0.549994659292
002032.SZ,0.549370006308
600273.SH,0.549067732676
002138.SZ,0.548444310463
300073.SZ,0.548402980439
000718.SZ,0.548092524323
002247.SZ,0.548017210048
002518.SZ,0.547746568511
600929.SH,0.546973318914
600338.SH,0.546638660916
002083.SZ,0.546529980613
600536.SH,0.546160143738
603918.SH,0.546153022193
600965.SH,0.546087670725
603333.SH,0.545964358334
600156.SH,0.545882334798
002599.SZ,0.545409735894
000810.SZ,0.545005980638
002050.SZ,0.543873525695
300568.SZ,0.543542686671
002178.SZ,0.543434624412
002579.SZ,0.543269744082
002718.SZ,0.542976953281
002849.SZ,0.542642521904
002917.SZ,0.542616785873
600538.SH,0.542083919119
002662.SZ,0.541981232586
000977.SZ,0.541803926501
000893.SZ,0.541581107961
600346.SH,0.541360235883
603358.SH,0.541308897879
600322.SH,0.540973033275
002878.SZ,0.540829443266
600736.SH,0.540811930244
300176.SZ,0.540695287966
300395.SZ,0.54058216402
000932.SZ,0.540552570191
300294.SZ,0.540274336823
603787.SH,0.540176247393
601969.SH,0.539742107599
600426.SH,0.539732786915
002179.SZ,0.539718317633
002861.SZ,0.539714372468
600223.SH,0.539598353186
300109.SZ,0.539305367835
300258.SZ,0.539232901775
002792.SZ,0.539228918352
300247.SZ,0.538850911189
002327.SZ,0.538802940539
603633.SH,0.538645319505
002076.SZ,0.53860970165
000717.SZ,0.538444014974
002681.SZ,0.538302058293
002475.SZ,0.538173678888
000418.SZ,0.537635215667
600984.SH,0.537562317261
600182.SH,0.537475118542
600019.SH,0.537344966372
000936.SZ,0.537059161379
300401.SZ,0.536523940417
600808.SH,0.536321736077
601198.SH,0.536159996041
002146.SZ,0.536136159798
300173.SZ,0.535812839966
002436.SZ,0.535791360341
300598.SZ,0.535544385471
600585.SH,0.535317042328
300420.SZ,0.535015201973
002530.SZ,0.534807595242
000096.SZ,0.534788605912
002548.SZ,0.534273703948
601881.SH,0.533959782579
603829.SH,0.533642104319
300653.SZ,0.532825353395
002483.SZ,0.532759601602
603336.SH,0.532683993064
600066.SH,0.532638558918
603029.SH,0.53225774172
300103.SZ,0.532076626505
603496.SH,0.532034893849
300357.SZ,0.53184268803
600048.SH,0.531597860922
300621.SZ,0.531555408286
300282.SZ,0.531498235081
603601.SH,0.531074162533
603165.SH,0.531019408352
603968.SH,0.530989663925
002132.SZ,0.530988896746
002572.SZ,0.530546072023
300037.SZ,0.530337831482
600577.SH,0.530311228618
600476.SH,0.530086127556
603019.SH,0.530054578514
002713.SZ,0.530017213131
300409.SZ,0.529721225922
603856.SH,0.529278073863
600754.SH,0.529212621722
600337.SH,0.529063046186
002236.SZ,0.52903079889
300329.SZ,0.528918087255
300467.SZ,0.528463079745
601877.SH,0.528432790529
002595.SZ,0.528367167372
300184.SZ,0.528335119584
300541.SZ,0.528255367938
000811.SZ,0.528196213948
002278.SZ,0.528113617949
300657.SZ,0.528080419583
002905.SZ,0.527832382041
600303.SH,0.527562362348
002161.SZ,0.527543167476
600010.SH,0.527153263444
002411.SZ,0.527135121328
603505.SH,0.527094202181
600699.SH,0.527045519899
000636.SZ,0.526850717697
002493.SZ,0.526679174324
002505.SZ,0.526673623353
600380.SH,0.526619489069
600703.SH,0.526394003592
000545.SZ,0.526316580597
000710.SZ,0.526224549326
600599.SH,0.526142764667
000735.SZ,0.525319683737
000786.SZ,0.525254398927
000001.SZ,0.525233913103
600271.SH,0.525215662152
002913.SZ,0.525183185747
002203.SZ,0.525163950316
002534.SZ,0.525135934336
000150.SZ,0.524996887562
002268.SZ,0.524769886177
300514.SZ,0.524595967533
600738.SH,0.524548123922
600756.SH,0.524486472967
603679.SH,0.524389468317
000544.SZ,0.524352727769
600151.SH,0.524310118357
000498.SZ,0.523842199613
000155.SZ,0.523721790635
002931.SZ,0.523642386859
002489.SZ,0.523498708287
600309.SH,0.523206388525
002506.SZ,0.522882747707
000910.SZ,0.522825135305
600276.SH,0.522784867065
000890.SZ,0.522765999563
300678.SZ,0.522593266915
002925.SZ,0.522249547498
002307.SZ,0.522200980543
600958.SH,0.522121378659
600771.SH,0.521988978773
600857.SH,0.521968706294
300550.SZ,0.521894591929
300014.SZ,0.521893725116
002747.SZ,0.521785173841
000529.SZ,0.521772179636
600356.SH,0.521203280742
300510.SZ,0.521090379442
600636.SH,0.521024654512
002432.SZ,0.521003023798
603383.SH,0.52096059111
603111.SH,0.520460945516
601108.SH,0.519975165371
002722.SZ,0.519883781263
300199.SZ,0.51969642707
603355.SH,0.519518584462
002769.SZ,0.519417145339
600530.SH,0.519376113768
600152.SH,0.519314666099
002035.SZ,0.519312968836
000429.SZ,0.519157234552
600967.SH,0.518929282383
300637.SZ,0.518828388548
002751.SZ,0.518792857703
000031.SZ,0.518391952402
002069.SZ,0.518204134534
002692.SZ,0.517915490597
600498.SH,0.51787259054
601882.SH,0.517858170872
600025.SH,0.517657924721
300601.SZ,0.517527375581
002635.SZ,0.517145775657
002766.SZ,0.516955319551
300251.SZ,0.516892431786
600099.SH,0.516848933564
600555.SH,0.516720860364
000799.SZ,0.516584966274
300556.SZ,0.516306902882
603368.SH,0.516257106391
601677.SH,0.516248062249
300459.SZ,0.516055585273
300123.SZ,0.515888811584
000985.SZ,0.515656568311
600279.SH,0.515603629115
601808.SH,0.515462447371
002241.SZ,0.515400002688
603260.SH,0.515317796534
300671.SZ,0.515082976974
002618.SZ,0.514703574002
600030.SH,0.514558679775
300623.SZ,0.514512910961
002092.SZ,0.514495517771
300693.SZ,0.514489931707
603069.SH,0.514471880827
600153.SH,0.514398443763
600645.SH,0.51420560116
000691.SZ,0.51417718203
300158.SZ,0.513958231429
000836.SZ,0.513774892313
002756.SZ,0.51369858994
300634.SZ,0.513098920054
300487.SZ,0.512958242498
603026.SH,0.512892197506
603198.SH,0.51239647695
002727.SZ,0.512197380377
002499.SZ,0.511770127503
601599.SH,0.511542636943
300264.SZ,0.511464923698
603959.SH,0.511394071711
000046.SZ,0.511183320527
600779.SH,0.510958093781
300433.SZ,0.510860095913
002837.SZ,0.510803717075
603329.SH,0.510756306166
002427.SZ,0.510730782966
603883.SH,0.510693700314
002596.SZ,0.510264285782
603789.SH,0.510151263902
603369.SH,0.509831903654
600660.SH,0.509643866938
300701.SZ,0.509566860205
000619.SZ,0.509476000022
002776.SZ,0.509305576134
002296.SZ,0.509175842377
002672.SZ,0.509024031916
000878.SZ,0.509012734386
000620.SZ,0.508980744803
002234.SZ,0.508962619756
000703.SZ,0.508907991801
002831.SZ,0.508761615258
600639.SH,0.508736208721
002537.SZ,0.508589192661
002512.SZ,0.508453846008
002869.SZ,0.508363739752
300478.SZ,0.508311233534
000809.SZ,0.508280738298
600521.SH,0.508113244748
002850.SZ,0.507832847436
002228.SZ,0.507819541735
603030.SH,0.507722444533
600466.SH,0.507680101697
300706.SZ,0.507643287271
300398.SZ,0.507622191254
002204.SZ,0.507549182445
600009.SH,0.50719646492
000088.SZ,0.507174650254
300347.SZ,0.50716813681
603180.SH,0.50702740217
300616.SZ,0.506840606949
000050.SZ,0.506762110823
300739.SZ,0.50659912014
600018.SH,0.50630415064
600146.SH,0.506234305909
603386.SH,0.506061423325
600227.SH,0.50603498656
002886.SZ,0.506014825233
300567.SZ,0.505610179047
002384.SZ,0.505498967552
603099.SH,0.505461962356
300166.SZ,0.50544300207
600596.SH,0.50540247417
002198.SZ,0.505182480173
601888.SH,0.505178867908
300723.SZ,0.504978640418
601377.SH,0.504926388104
601518.SH,0.504911749661
600712.SH,0.504849494757
300675.SZ,0.504811719614
002086.SZ,0.50473367672
600550.SH,0.504659455158
603885.SH,0.504367892564
601601.SH,0.504349727563
300088.SZ,0.504103953561
600125.SH,0.503970641973
600075.SH,0.503881515174
601098.SH,0.503832013711
000068.SZ,0.503821180868
002915.SZ,0.50368471751
603129.SH,0.503591051113
002408.SZ,0.503538995392
000987.SZ,0.503346886731
603712.SH,0.503208275427
002459.SZ,0.503186332524
002285.SZ,0.503153047983
300545.SZ,0.503152086145
000007.SZ,0.503020446465
300381.SZ,0.502940565388
603895.SH,0.502931071399
002308.SZ,0.502930274205
601016.SH,0.502804956442
601225.SH,0.502726129043
603799.SH,0.502635011837
002655.SZ,0.502491524565
600774.SH,0.50237472435
002768.SZ,0.502316079873
300300.SZ,0.502043192042
002078.SZ,0.502034301066
002410.SZ,0.501944291325
600216.SH,0.501829250978
603678.SH,0.501797316581
300735.SZ,0.501795195099
002812.SZ,0.501553343904
002468.SZ,0.501436443364
002111.SZ,0.501390774512
000572.SZ,0.501313352782
300506.SZ,0.500971062632
002444.SZ,0.500709151648
300226.SZ,0.500701051153
600647.SH,0.500651928576
601107.SH,0.500581990035
603579.SH,0.500462772236
002009.SZ,0.500258624558
603798.SH,0.500204726752
000886.SZ,0.499951647475
002729.SZ,0.499938453578
000568.SZ,0.499938408422
002042.SZ,0.499687339013
000014.SZ,0.499542670317
300644.SZ,0.499540754196
601003.SH,0.499505943718
002320.SZ,0.499007153503
600313.SH,0.498867282717
300522.SZ,0.498809166679
600642.SH,0.498655697552
300647.SZ,0.498385105757
603083.SH,0.498317179155
600635.SH,0.498223636411
002175.SZ,0.498188125559
002800.SZ,0.498036846812
300513.SZ,0.49800797639
300120.SZ,0.497883937129
300570.SZ,0.497810608037
000695.SZ,0.497732802241
603833.SH,0.497637528598
600371.SH,0.497626577471
002341.SZ,0.49761243466
300633.SZ,0.497417286705
603042.SH,0.49737486799
300588.SZ,0.49734768203
600104.SH,0.497112264792
600107.SH,0.497066642818
002785.SZ,0.496792893834
300133.SZ,0.496787654509
002724.SZ,0.496778319154
000895.SZ,0.496705930368
300532.SZ,0.496606505119
600258.SH,0.496433207982
300032.SZ,0.496400443248
300132.SZ,0.496336338863
002223.SZ,0.496250693199
300455.SZ,0.496207460169
002368.SZ,0.496204555365
000639.SZ,0.496183428271
600132.SH,0.496134805309
002281.SZ,0.495972435472
600960.SH,0.495853651597
000100.SZ,0.495819140259
000661.SZ,0.495724625166
601899.SH,0.495557512654
600588.SH,0.49551637379
600438.SH,0.495446437532
002012.SZ,0.495327346185
002243.SZ,0.495259408019
000780.SZ,0.495242427335
000020.SZ,0.495118332358
002412.SZ,0.495108468683
300036.SZ,0.495094611211
601908.SH,0.495038899655
600004.SH,0.4949705687
601318.SH,0.494757013195
300463.SZ,0.494678264173
002463.SZ,0.494624957227
600327.SH,0.494600020851
300177.SZ,0.494410554571
300597.SZ,0.494300882738
600651.SH,0.494280135537
603806.SH,0.494220419986
600581.SH,0.493761920343
002845.SZ,0.493671112966
300642.SZ,0.493642614986
603515.SH,0.49347999453
600809.SH,0.493380915973
002651.SZ,0.493309572438
600666.SH,0.493229190028
603528.SH,0.493199068237
000608.SZ,0.493189953694
600188.SH,0.493179684972
603605.SH,0.493081203754
600242.SH,0.493023808249
002930.SZ,0.492909228786
600546.SH,0.492674711176
603595.SH,0.492603477514
603305.SH,0.492497027556
002759.SZ,0.492485107953
601336.SH,0.492465485666
603556.SH,0.492240916345
300337.SZ,0.49215105255
000938.SZ,0.492003208276
603225.SH,0.491899723636
000028.SZ,0.491883083691
002027.SZ,0.491700017559
603648.SH,0.491603125301
002316.SZ,0.491519815407
300382.SZ,0.491501012412
002041.SZ,0.491435548443
000402.SZ,0.491412892749
600557.SH,0.491293833363
001965.SZ,0.49128722741
600510.SH,0.49105216644
002180.SZ,0.490946375093
600841.SH,0.490826928658
300012.SZ,0.490424453688
600228.SH,0.490294023566
600207.SH,0.490292069766
603776.SH,0.490225825516
603568.SH,0.490161189849
000560.SZ,0.489958110627
002286.SZ,0.489908990099
002806.SZ,0.489837679736
300645.SZ,0.489797209068
600853.SH,0.489688970097
000510.SZ,0.489629330265
002920.SZ,0.48954465665
603638.SH,0.489455862423
603098.SH,0.489387860798
002509.SZ,0.48934743917
300608.SZ,0.489290859837
002602.SZ,0.489181553608
002900.SZ,0.488977020484
600291.SH,0.488960706272
603901.SH,0.488928513902
002037.SZ,0.48880926196
002439.SZ,0.488800149989
002638.SZ,0.48879632604
600339.SH,0.48871483491
601828.SH,0.48853478209
600990.SH,0.488531549314
600810.SH,0.488440729393
603506.SH,0.488330276365
600177.SH,0.488168999533
300439.SZ,0.488018218294
002865.SZ,0.487979260975
603228.SH,0.487933024629
603096.SH,0.487747830354
002795.SZ,0.487678851458
600567.SH,0.487596898387
000902.SZ,0.487555317356
601021.SH,0.487448706723
002192.SZ,0.487423680792
601633.SH,0.487371541115
300122.SZ,0.487108465242
002557.SZ,0.487058730638
600516.SH,0.487032934427
600665.SH,0.486895910228
603718.SH,0.486635286442
600266.SH,0.486632463696
600332.SH,0.486310176142
000906.SZ,0.486231194901
300182.SZ,0.486172628562
600887.SH,0.486105245852
603699.SH,0.486047827944
603080.SH,0.48600592587
600520.SH,0.485871045845
300537.SZ,0.485686935183
002458.SZ,0.485640825305
300612.SZ,0.48543062402
002753.SZ,0.485345300204
600354.SH,0.485130297664
002153.SZ,0.485111035383
603077.SH,0.484935887332
603389.SH,0.48464742659
000821.SZ,0.484529589334
600614.SH,0.484528133052
000761.SZ,0.484388345628
601231.SH,0.484247731761
600209.SH,0.484185442466
600839.SH,0.484172251844
002328.SZ,0.484143602031
002821.SZ,0.483986290713
603630.SH,0.48370703001
600698.SH,0.483575331932
600570.SH,0.48356218588
300241.SZ,0.483492682995
603616.SH,0.483168483081
300099.SZ,0.483073673608
002455.SZ,0.482941500155
300507.SZ,0.482790418831
601111.SH,0.48275779291
002154.SZ,0.482603338551
002523.SZ,0.482506851659
600382.SH,0.48250493612
300159.SZ,0.48247860192
603363.SH,0.48247836326
600606.SH,0.482406935185
002516.SZ,0.482397526301
002273.SZ,0.482282600762
002302.SZ,0.482197975533
300336.SZ,0.482131359796
600130.SH,0.482072646293
300394.SZ,0.48200419676
002675.SZ,0.482001101489
603559.SH,0.481964696258
300202.SZ,0.481921707091
300685.SZ,0.481883581072
300584.SZ,0.481874495639
000514.SZ,0.481792520792
300309.SZ,0.481716837695
002137.SZ,0.48170480001
601628.SH,0.481662264654
603218.SH,0.481504349105
600729.SH,0.481480539402
002797.SZ,0.481316139118
300659.SZ,0.481226494559
002049.SZ,0.481206217362
600702.SH,0.481120620713
300688.SZ,0.481108424917
300378.SZ,0.481105314309
603396.SH,0.481067931161
300263.SZ,0.480855465488
603081.SH,0.480727403957
603289.SH,0.48067113091
600203.SH,0.48056443605
000338.SZ,0.480551195066
300624.SZ,0.480335157957
300404.SZ,0.4802618208
601216.SH,0.480170747554
002194.SZ,0.480165411746
002371.SZ,0.480084861297
300543.SZ,0.479898596703
600623.SH,0.479895059142
000830.SZ,0.479822419311
300609.SZ,0.479748808013
601688.SH,0.479430688722
300423.SZ,0.479268368715
002815.SZ,0.479172647991
002661.SZ,0.479161770626
002061.SZ,0.47910439003
002393.SZ,0.479093180175
000995.SZ,0.479051431229
603888.SH,0.479009465385
300451.SZ,0.478940832451
603322.SH,0.478883781785
000963.SZ,0.478882955215
600038.SH,0.478838312475
000651.SZ,0.478828878399
603877.SH,0.478819739313
600620.SH,0.478734833304
002867.SZ,0.478698192013
300425.SZ,0.478673832499
000858.SZ,0.478479517796
300554.SZ,0.478432378255
000782.SZ,0.478225522836
601579.SH,0.478188769905
600323.SH,0.478097871911
300539.SZ,0.478090489654
600385.SH,0.478026245994
002433.SZ,0.477987861368
002803.SZ,0.477882198594
300692.SZ,0.477837925858
600460.SH,0.477762549336
300731.SZ,0.477746110178
603036.SH,0.477742041559
300727.SZ,0.477689602394
000688.SZ,0.477655439017
300228.SZ,0.477527342345
603860.SH,0.477523358052
600398.SH,0.477458219916
300101.SZ,0.477420699738
002311.SZ,0.477415666013
603912.SH,0.477236312291
002673.SZ,0.47722298913
300004.SZ,0.477215118294
600563.SH,0.477176395226
603866.SH,0.477165242773
600057.SH,0.477008650243
002847.SZ,0.476944608056
300311.SZ,0.476667436401
600277.SH,0.476569464391
300089.SZ,0.476486652939
300326.SZ,0.476253271933
002488.SZ,0.476243897133
000532.SZ,0.476213187436
600783.SH,0.476085068157
002322.SZ,0.476040896178
601222.SH,0.476039228636
002746.SZ,0.476025001085
002242.SZ,0.47601897116
002262.SZ,0.475978911115
600230.SH,0.475872944239
002430.SZ,0.475779461661
000627.SZ,0.475771203773
601012.SH,0.475751103983
603377.SH,0.47568538843
600383.SH,0.475682783008
002084.SZ,0.475486989802
300351.SZ,0.475447567099
300418.SZ,0.475422119526
000929.SZ,0.475192057029
601566.SH,0.475133226028
002576.SZ,0.47504200706
603214.SH,0.475008797582
002157.SZ,0.474982429896
603721.SH,0.474881425402
002303.SZ,0.474757962503
300557.SZ,0.474735820035
300365.SZ,0.474653451447
603393.SH,0.474619104041
002697.SZ,0.474437286842
300145.SZ,0.474425687906
002542.SZ,0.474284732449
002758.SZ,0.474226485795
000531.SZ,0.474207493285
002159.SZ,0.47409691039
002418.SZ,0.473928010554
002376.SZ,0.473919665248
300604.SZ,0.473813594372
600307.SH,0.473721717156
000034.SZ,0.473420871482
600031.SH,0.473413042653
603500.SH,0.47321326959
002119.SZ,0.473166630426
300271.SZ,0.473077863683
300308.SZ,0.473068192949
000333.SZ,0.472992855661
002773.SZ,0.472976086269
600433.SH,0.472955636002
601858.SH,0.47289355092
300046.SZ,0.472755880116
002538.SZ,0.472741496352
300446.SZ,0.472731255622
300738.SZ,0.472730352511
300223.SZ,0.472654137056
300349.SZ,0.472649055962
300389.SZ,0.472627995052
300668.SZ,0.472507478025
603898.SH,0.472346500324
603619.SH,0.472294986118
002377.SZ,0.472245983399
000069.SZ,0.472234158825
002379.SZ,0.472173618187
002394.SZ,0.472161768394
002526.SZ,0.472147671238
002395.SZ,0.471871102566
600117.SH,0.471817039628
300572.SZ,0.471800457839
300661.SZ,0.471759238433
300711.SZ,0.47175265516
300530.SZ,0.47171092229
002370.SZ,0.471495932399
002860.SZ,0.471483230976
300611.SZ,0.471424900024
300651.SZ,0.471279117364
300686.SZ,0.471191504101
600176.SH,0.47110251105
600053.SH,0.471023233788
601718.SH,0.470924303919
600362.SH,0.470731826079
002358.SZ,0.470698975055
002186.SZ,0.470525331149
601838.SH,0.470498383167
600183.SH,0.470369648317
603737.SH,0.470314064267
002201.SZ,0.470142592605
603800.SH,0.470128878064
600718.SH,0.470091373719
300571.SZ,0.470055589581
300160.SZ,0.46983648526
600036.SH,0.469828655697
300521.SZ,0.469827037831
300655.SZ,0.469793526628
002895.SZ,0.469791312769
300107.SZ,0.469738704346
600592.SH,0.469722738218
300618.SZ,0.469661627678
300689.SZ,0.46953197447
300363.SZ,0.469514231412
600329.SH,0.469354230205
300323.SZ,0.469317356697
002142.SZ,0.469260628804
002558.SZ,0.469255799337
600299.SH,0.469254258098
600686.SH,0.46923000451
300056.SZ,0.46910403726
600605.SH,0.469066934208
600345.SH,0.468897927106
603330.SH,0.468687161778
600519.SH,0.468670680871
300666.SZ,0.468661073904
603103.SH,0.468658861443
600604.SH,0.468467604914
601069.SH,0.468317033553
600028.SH,0.468223075537
600728.SH,0.467977446745
300673.SZ,0.467956584609
603398.SH,0.467955759054
000503.SZ,0.467948300016
603858.SH,0.467935205387
300639.SZ,0.467912666864
002422.SZ,0.467781588003
600721.SH,0.467718867505
601878.SH,0.467718756659
603208.SH,0.467671947428
002896.SZ,0.467649167144
603027.SH,0.467460607974
000980.SZ,0.467447526613
603660.SH,0.467356762097
000778.SZ,0.467113606693
603848.SH,0.467108174737
300515.SZ,0.467061601583
002317.SZ,0.467025309843
300493.SZ,0.466909111815
300178.SZ,0.466870217716
300504.SZ,0.466815756146
300359.SZ,0.466791628766
603685.SH,0.46671718716
002761.SZ,0.466651183251
300207.SZ,0.466460518946
002299.SZ,0.466380301524
600388.SH,0.466121250451
000536.SZ,0.466116095673
600511.SH,0.466114790098
300192.SZ,0.465882433597
603683.SH,0.465879144074
300468.SZ,0.465787361678
300306.SZ,0.465761735588
300143.SZ,0.46554365131
002442.SZ,0.465539937844
002709.SZ,0.465432372204
300581.SZ,0.465350150242
002816.SZ,0.465143658944
300580.SZ,0.465090019042
603701.SH,0.46501930423
600359.SH,0.465004035222
600543.SH,0.464991174016
603076.SH,0.464923657432
600559.SH,0.464869860191
002496.SZ,0.464862351403
600116.SH,0.464812924942
603337.SH,0.464784344289
002343.SZ,0.464709458657
300481.SZ,0.464708134086
600889.SH,0.464538788662
300403.SZ,0.46448483603
603919.SH,0.464422073074
002877.SZ,0.464333979441
002702.SZ,0.464312501707
000697.SZ,0.464307361137
002094.SZ,0.464153555515
000018.SZ,0.464128621765
603779.SH,0.464070905889
603703.SH,0.464062096314
603617.SH,0.463857270171
600739.SH,0.463816727838
300257.SZ,0.463700569283
600547.SH,0.463606907431
300538.SZ,0.463558324318
000948.SZ,0.463543794401
300070.SZ,0.463434923624
300296.SZ,0.463352399662
002264.SZ,0.46332883713
600584.SH,0.463250170043
601005.SH,0.463247699327
300072.SZ,0.46314250576
002802.SZ,0.463117607308
600821.SH,0.463114018371
300631.SZ,0.463076294703
002929.SZ,0.463060314117
300275.SZ,0.462987421812
600548.SH,0.462839529747
300136.SZ,0.462803607654
300677.SZ,0.462765105954
000676.SZ,0.462744042093
603966.SH,0.462596985722
000043.SZ,0.462504704443
601006.SH,0.462497868685
000553.SZ,0.462467383411
300360.SZ,0.462463896435
002460.SZ,0.462416915136
603160.SH,0.462323850646
600062.SH,0.462309396328
300705.SZ,0.461994578509
300168.SZ,0.461919354176
300698.SZ,0.46167907916
300224.SZ,0.461648086358
300717.SZ,0.461577305961
000530.SZ,0.461447903492
000953.SZ,0.461423905544
000524.SZ,0.461418319726
000812.SZ,0.461321886849
000935.SZ,0.461298864014
000662.SZ,0.461244157801
002645.SZ,0.461180931159
600436.SH,0.461147169951
300142.SZ,0.461118973712
600892.SH,0.461101133133
300003.SZ,0.461091208798
002039.SZ,0.461029279738
600352.SH,0.461011477524
002667.SZ,0.460997837234
603283.SH,0.460892106466
000016.SZ,0.460866620493
002823.SZ,0.46082020014
300211.SZ,0.460515774869
600080.SH,0.460471239966
002129.SZ,0.460386123561
300585.SZ,0.460364041899
000408.SZ,0.460336245335
002555.SZ,0.460139567575
002796.SZ,0.460072200739
002208.SZ,0.459937992452
600115.SH,0.45992749337
300205.SZ,0.459843123028
600540.SH,0.459788568437
300502.SZ,0.459715305735
000585.SZ,0.459688994362
603345.SH,0.459549765118
603043.SH,0.459478784418
601137.SH,0.459397187522
603466.SH,0.459330914402
300577.SZ,0.459301979789
000683.SZ,0.459214860554
300632.SZ,0.459165254548
600486.SH,0.459036776206
300322.SZ,0.45903556728
300740.SZ,0.458979368026
603238.SH,0.458743306647
600845.SH,0.45870880033
600979.SH,0.458704026927
600859.SH,0.458699774055
300458.SZ,0.4586836331
002013.SZ,0.45867482995
600535.SH,0.458514763266
603896.SH,0.458503198166
002103.SZ,0.458471029468
600198.SH,0.458415334331
300540.SZ,0.458374706552
300595.SZ,0.458320902868
300602.SZ,0.458253740476
300479.SZ,0.458194412903
300236.SZ,0.457973534283
002919.SZ,0.457809848324
300512.SZ,0.457710357588
300383.SZ,0.457584044275
603708.SH,0.457433887037
002176.SZ,0.457295012307
300703.SZ,0.457292036185
600192.SH,0.457279629576
002903.SZ,0.457275514921
002741.SZ,0.457201387437
000677.SZ,0.457150809493
300015.SZ,0.457142964468
002026.SZ,0.457129600609
603536.SH,0.457079327308
603335.SH,0.457009855745
300348.SZ,0.456996993966
300062.SZ,0.456988727675
300730.SZ,0.456957261861
300134.SZ,0.45690119075
603839.SH,0.456729644286
603709.SH,0.456726365312
002883.SZ,0.456692458293
002921.SZ,0.456490810452
600855.SH,0.456474163438
000732.SZ,0.456435222017
600167.SH,0.456373531395
002627.SZ,0.45636476598
600980.SH,0.456299751542
300104.SZ,0.456291390966
600988.SH,0.456284131303
603229.SH,0.456240503662
000650.SZ,0.456194736479
000719.SZ,0.456181615027
300516.SZ,0.456029993214
603106.SH,0.456028760533
603917.SH,0.456024366346
300058.SZ,0.455996849323
300431.SZ,0.455902776409
300261.SZ,0.455786149807
600395.SH,0.455746859632
002734.SZ,0.455738531952
002068.SZ,0.455661100961
300303.SZ,0.45565888884
002916.SZ,0.455536769885
300736.SZ,0.455527298046
600247.SH,0.455411777034
002839.SZ,0.455370613193
603189.SH,0.455349559031
002006.SZ,0.455241812128
002081.SZ,0.455183229974
300065.SZ,0.455139138246
300600.SZ,0.455138910355
002887.SZ,0.455129954746
300338.SZ,0.455049827011
002508.SZ,0.454981276183
000505.SZ,0.454970065066
603813.SH,0.45495066617
000802.SZ,0.454379400626
002613.SZ,0.454366830435
002851.SZ,0.454362591395
300108.SZ,0.454087589974
300407.SZ,0.454077039222
002321.SZ,0.454072963689
600900.SH,0.45399674159
300333.SZ,0.453915926169
300094.SZ,0.453869748902
002043.SZ,0.453819483746
600691.SH,0.453711092922
600267.SH,0.45367939305
002577.SZ,0.453506117564
600528.SH,0.453406991088
603056.SH,0.453360042001
300174.SZ,0.453355284238
300164.SZ,0.45333410901
002213.SZ,0.453315605238
000019.SZ,0.453295756521
600566.SH,0.453269946026
300316.SZ,0.45320504837
601799.SH,0.452991881879
600695.SH,0.452930779744
002858.SZ,0.452883065789
600029.SH,0.45287213529
002339.SZ,0.452717023259
000571.SZ,0.452670227083
603655.SH,0.452552598899
002693.SZ,0.452548040005
603615.SH,0.452507337312
300434.SZ,0.452401480458
600673.SH,0.452282381177
300355.SZ,0.452253579644
002626.SZ,0.452213074035
600389.SH,0.452205049341
002531.SZ,0.452157116378
300027.SZ,0.452142508634
600037.SH,0.452023258697
002023.SZ,0.451976975478
600138.SH,0.451966520022
300437.SZ,0.451787959202
603606.SH,0.451611893942
002036.SZ,0.451564970134
300720.SZ,0.451557835701
300340.SZ,0.451545745443
300293.SZ,0.451537623085
002901.SZ,0.451534344314
002892.SZ,0.451509761291
300640.SZ,0.45140402346
300707.SZ,0.451355297416
300519.SZ,0.451273395436
603012.SH,0.451268299809
000040.SZ,0.45116384808
000829.SZ,0.451151824539
603387.SH,0.45113949938
002435.SZ,0.451099790857
002923.SZ,0.451053388961
002826.SZ,0.45098377814
002323.SZ,0.450792474356
600094.SH,0.450780291584
600283.SH,0.45063154394
300426.SZ,0.450589661091
002440.SZ,0.450441513142
601101.SH,0.450391767719
002353.SZ,0.450239195428
000851.SZ,0.450233765567
603611.SH,0.450201005229
300579.SZ,0.450136635453
300696.SZ,0.450025171559
000708.SZ,0.449923459995
603730.SH,0.449878529831
002912.SZ,0.449814273259
600661.SH,0.449788577444
300518.SZ,0.449637540695
300121.SZ,0.449601836321
300077.SZ,0.44959994722
300529.SZ,0.449548428475
600409.SH,0.449547665324
603928.SH,0.449538582887
002843.SZ,0.449517130204
002437.SZ,0.449473913129
300474.SZ,0.449445921386
600978.SH,0.449427407469
000713.SZ,0.449363003128
300213.SZ,0.449327060499
603011.SH,0.449283333376
300617.SZ,0.44924151205
000528.SZ,0.449165527136
603626.SH,0.449085041742
600350.SH,0.449011675342
002696.SZ,0.448877913949
300319.SZ,0.448828516506
300227.SZ,0.448798296744
300126.SZ,0.448765676005
000933.SZ,0.448734635833
002571.SZ,0.448613769695
300548.SZ,0.448575890515
603156.SH,0.448504459595
601857.SH,0.44849366951
002255.SZ,0.448458437591
002737.SZ,0.448404698012
300726.SZ,0.448392889793
603970.SH,0.448368139349
603133.SH,0.448250436921
600360.SH,0.448205576004
601088.SH,0.44819412549
000850.SZ,0.44802712876
002304.SZ,0.448011044499
002828.SZ,0.447976793977
600054.SH,0.447833727664
600260.SH,0.447829983458
002593.SZ,0.44779894294
603499.SH,0.447763887954
300405.SZ,0.447552475502
300684.SZ,0.44752504304
002015.SZ,0.447491812613
000759.SZ,0.447379587748
600549.SH,0.447336528136
603688.SH,0.447300432972
603717.SH,0.447235583405
300628.SZ,0.447233641715
002507.SZ,0.447184229959
000555.SZ,0.447178096509
002787.SZ,0.447000388004
300250.SZ,0.44699362698
600740.SH,0.44696205766
600977.SH,0.446938491816
300110.SZ,0.446925272945
002407.SZ,0.446919102048
002927.SZ,0.446910480746
300622.SZ,0.446742231125
300480.SZ,0.446700465403
603286.SH,0.446688219573
600803.SH,0.446639862127
002564.SZ,0.446357141005
603871.SH,0.44628031513
603722.SH,0.446175054972
601699.SH,0.446082516933
603161.SH,0.446004103994
600804.SH,0.445926554607
600763.SH,0.445904629203
002918.SZ,0.445858787291
000591.SZ,0.445661650966
002623.SZ,0.445648524949
000736.SZ,0.445527597014
000923.SZ,0.445290059518
000401.SZ,0.445237928894
002482.SZ,0.445228652635
600095.SH,0.445157043186
300710.SZ,0.445154948423
000959.SZ,0.445122447595
600233.SH,0.444889561873
002077.SZ,0.444784875628
300091.SZ,0.444733969575
600648.SH,0.444629905157
000066.SZ,0.444560312016
300553.SZ,0.444543117665
600416.SH,0.444540880472
603385.SH,0.444477124774
000521.SZ,0.444447870214
002517.SZ,0.444296660417
300563.SZ,0.444290130564
002293.SZ,0.444135870912
002670.SZ,0.444109007593
000089.SZ,0.444086213412
000819.SZ,0.444038952923
603365.SH,0.444008150913
002590.SZ,0.443979023716
002017.SZ,0.443958347343
603777.SH,0.443903481262
002871.SZ,0.443829972854
601166.SH,0.443736454522
600126.SH,0.44365364073
600987.SH,0.44364618669
300097.SZ,0.443636753583
002898.SZ,0.443595547102
600637.SH,0.443586387162
300679.SZ,0.443519199866
002420.SZ,0.443504180077
601678.SH,0.443448725464
601000.SH,0.443376278676
002415.SZ,0.443340206523
300156.SZ,0.443321348889
002445.SZ,0.443260756917
300665.SZ,0.443156775209
300269.SZ,0.443088079645
603078.SH,0.443067733009
300718.SZ,0.44304362226
600869.SH,0.443007382346
002345.SZ,0.442961448763
600000.SH,0.442948417795
300138.SZ,0.44281681645
300635.SZ,0.442768389416
000671.SZ,0.442696188376
600742.SH,0.442689938122
600076.SH,0.442617271398
002653.SZ,0.442494964439
002891.SZ,0.442447749885
600225.SH,0.442333270329
000892.SZ,0.442238690765
601128.SH,0.442153416706
600877.SH,0.442046424744
002688.SZ,0.44198261504
603698.SH,0.441956585108
002630.SZ,0.441848296992
300369.SZ,0.441837274578
601366.SH,0.441780865396
601886.SH,0.441716242147
603031.SH,0.441681984283
002643.SZ,0.441551276893
002827.SZ,0.441493438148
601375.SH,0.441461648998
600196.SH,0.44141655281
002020.SZ,0.441349358042
300010.SZ,0.441332389847
002165.SZ,0.441322480599
002362.SZ,0.44131471482
002117.SZ,0.441305372864
000151.SZ,0.441268333593
600197.SH,0.441237184382
300667.SZ,0.441219132792
601086.SH,0.440998157315
603978.SH,0.440951595213
002237.SZ,0.440925664963
002481.SZ,0.440781381763
002740.SZ,0.440689191967
300606.SZ,0.440666976536
603222.SH,0.440629792459
300482.SZ,0.440454527893
601500.SH,0.440417975771
603538.SH,0.440406885925
000430.SZ,0.440324124721
603006.SH,0.440305524145
002232.SZ,0.440272650081
002162.SZ,0.440171584221
600171.SH,0.440108325433
600747.SH,0.440080915461
002065.SZ,0.440060024893
002088.SZ,0.440057350145
000968.SZ,0.439973858611
600879.SH,0.439916828257
300377.SZ,0.439824010483
300462.SZ,0.43977985712
002024.SZ,0.439742447007
300204.SZ,0.439436738538
603090.SH,0.439361324014
300009.SZ,0.439143869321
300139.SZ,0.439057553982
300721.SZ,0.439030046932
600777.SH,0.438750467745
603131.SH,0.438634151327
000596.SZ,0.43860453209
600970.SH,0.438562948888
000839.SZ,0.438541665279
603059.SH,0.438461040188
000975.SZ,0.438264363399
002646.SZ,0.438241540874
603226.SH,0.438224048543
603996.SH,0.43822092578
300413.SZ,0.438187554365
300496.SZ,0.43818612999
603868.SH,0.438166452686
601952.SH,0.438165394739
600523.SH,0.438130683645
300302.SZ,0.43809854264
000917.SZ,0.437995529066
002888.SZ,0.437978725685
002687.SZ,0.437973513921
603089.SH,0.437885766711
300095.SZ,0.437566879414
603881.SH,0.437495469856
002130.SZ,0.437422126966
603232.SH,0.437346524345
300025.SZ,0.437279146678
300041.SZ,0.437260892028
600377.SH,0.437053027173
300374.SZ,0.437022764529
600870.SH,0.436986543657
300327.SZ,0.436970007198
600621.SH,0.436954308379
603899.SH,0.436883104637
002128.SZ,0.43682232364
603788.SH,0.436812750523
603157.SH,0.436807412761
300016.SZ,0.436803839065
600575.SH,0.436664706773
603517.SH,0.436607653158
603167.SH,0.436603059256
002864.SZ,0.436533014436
000632.SZ,0.4365038383
300503.SZ,0.436490816223
600895.SH,0.436481614051
002173.SZ,0.436416465655
603058.SH,0.436366387183
002149.SZ,0.436268331712
002251.SZ,0.436256671605
601106.SH,0.436179781027
300643.SZ,0.43615083215
603916.SH,0.436126921459
002220.SZ,0.436074690057
600582.SH,0.436060476746
002240.SZ,0.436007374667
600478.SH,0.435995487685
601168.SH,0.435982970203
300149.SZ,0.435955412
600396.SH,0.435711319554
601158.SH,0.435648807658
600007.SH,0.43559679647
000831.SZ,0.435433472062
002497.SZ,0.435388831316
300376.SZ,0.435385520062
600529.SH,0.435371550046
000982.SZ,0.435272010976
002396.SZ,0.435158528292
600239.SH,0.435130400928
600863.SH,0.43495953209
300547.SZ,0.434935153992
600373.SH,0.434884846164
603811.SH,0.434872796223
002745.SZ,0.434823265254
603138.SH,0.434820723073
300388.SZ,0.434798511796
600671.SH,0.434778137391
002922.SZ,0.434765692304
603227.SH,0.434654621505
002038.SZ,0.434632004187
002749.SZ,0.434520935235
000909.SZ,0.434212209103
600715.SH,0.434178738524
603367.SH,0.434171846484
000983.SZ,0.43411575739
000581.SZ,0.434035934628
603023.SH,0.433868858999
300017.SZ,0.433863740412
002491.SZ,0.433849432245
002405.SZ,0.43384561259
300400.SZ,0.433741256341
002926.SZ,0.433671214887
300346.SZ,0.433481696302
600100.SH,0.433473856498
300599.SZ,0.43336076066
002225.SZ,0.433354672291
000023.SZ,0.43326032984
002107.SZ,0.43325069359
300069.SZ,0.433115292086
000728.SZ,0.433100851317
601939.SH,0.433097546702
000869.SZ,0.433064803459
002233.SZ,0.433052464959
603318.SH,0.432993301873
603233.SH,0.432986618286
002306.SZ,0.432971267961
002725.SZ,0.432912313632
601233.SH,0.432846052623
600262.SH,0.432661849422
300366.SZ,0.432648121337
002799.SZ,0.43262657953
000541.SZ,0.432596355929
600161.SH,0.43258771981
600732.SH,0.432584564368
002611.SZ,0.432457799388
300191.SZ,0.432435066487
000733.SZ,0.432421933702
600658.SH,0.432324754895
601666.SH,0.432245034102
603357.SH,0.432190399494
603577.SH,0.432112238279
601199.SH,0.43209013316
603909.SH,0.432082097429
300527.SZ,0.432081437227
300105.SZ,0.432080188093
600330.SH,0.431704283646
002312.SZ,0.431592746711
002893.SZ,0.431589118172
300129.SZ,0.431484792955
002446.SZ,0.431484659853
300100.SZ,0.431440270681
600109.SH,0.431340317606
600410.SH,0.431276501931
600997.SH,0.431138701493
300188.SZ,0.431072174957
002120.SZ,0.431052504003
600033.SH,0.431033978126
000518.SZ,0.431030838071
603113.SH,0.43097839287
600657.SH,0.430877476875
002314.SZ,0.430615450476
603979.SH,0.430556169434
603359.SH,0.430421548365
000631.SZ,0.430388895071
300212.SZ,0.430289183815
300641.SZ,0.430104850338
600737.SH,0.430090771771
600375.SH,0.43006659704
000807.SZ,0.430061086604
601636.SH,0.429919640925
300038.SZ,0.429879764374
601010.SH,0.429740930767
600141.SH,0.429728693731
300274.SZ,0.429624818971
000739.SZ,0.429594623781
603607.SH,0.429580293677
002589.SZ,0.42941689181
600166.SH,0.429401131997
603356.SH,0.429336518221
000538.SZ,0.429288898269
002879.SZ,0.429201138692
603557.SH,0.429055069397
601169.SH,0.428990984922
300729.SZ,0.428981907904
603527.SH,0.428899169821
300578.SZ,0.428757416195
600259.SH,0.428743507554
600368.SH,0.428729291284
300560.SZ,0.428691138151
002164.SZ,0.428587163995
600255.SH,0.428564775009
600522.SH,0.428527084721
000599.SZ,0.428466085992
300034.SZ,0.428462193946
002853.SZ,0.428453307562
002556.SZ,0.42831361861
300127.SZ,0.428295873728
300620.SZ,0.428291817595
000806.SZ,0.428272897134
000507.SZ,0.428210644211
601700.SH,0.428126456962
603477.SH,0.428069965879
000576.SZ,0.427981199898
002848.SZ,0.427973575252
300607.SZ,0.427960460118
000635.SZ,0.427946070023
002421.SZ,0.427922083439
002514.SZ,0.427792596978
002190.SZ,0.427789316761
300664.SZ,0.427695765322
300456.SZ,0.427587202854
000931.SZ,0.427430347884
002383.SZ,0.427418540073
603118.SH,0.427392964916
002250.SZ,0.427300875176
600864.SH,0.427162866334
300023.SZ,0.427100265629
300067.SZ,0.427086814497
603603.SH,0.427069913457
600598.SH,0.427068927514
300509.SZ,0.427057695951
603017.SH,0.427007039937
300498.SZ,0.426932838065
002885.SZ,0.426902691424
002409.SZ,0.426901369921
300672.SZ,0.42688742839
603929.SH,0.426821813671
300344.SZ,0.426813872447
002258.SZ,0.426805072982
603878.SH,0.426755016546
300497.SZ,0.426677633759
300059.SZ,0.42656116975
002838.SZ,0.426368896998
603677.SH,0.4262266705
000996.SZ,0.426169888042
000716.SZ,0.42612634573
601188.SH,0.426115148253
000776.SZ,0.426079065055
000709.SZ,0.425824339006
603986.SH,0.425779201956
600208.SH,0.42570984529
601333.SH,0.425695259701
002224.SZ,0.425604500236
300102.SZ,0.425581551439
600818.SH,0.425565195596
603609.SH,0.425529955961
000753.SZ,0.425501715414
002902.SZ,0.425496239793
300700.SZ,0.425285305213
600888.SH,0.425255017761
002836.SZ,0.425237999524
002185.SZ,0.425220427824
601186.SH,0.425181975752
300576.SZ,0.42515971974
300299.SZ,0.42507940401
300256.SZ,0.42495843009
300216.SZ,0.424919829209
600050.SH,0.424909096773
603326.SH,0.424867842356
002313.SZ,0.424866173488
300733.SZ,0.424720465773
600159.SH,0.424697733717
300526.SZ,0.424667941156
600770.SH,0.424582205389
002335.SZ,0.424559073433
600222.SH,0.424507426004
002363.SZ,0.424485876878
002890.SZ,0.424448683542
002805.SZ,0.424378376115
002695.SZ,0.424329871484
300605.SZ,0.424253695558
600157.SH,0.424123590056
300625.SZ,0.424050144429
600746.SH,0.424004911485
002058.SZ,0.423994759774
002016.SZ,0.423710027764
603711.SH,0.423673297831
300414.SZ,0.423662377914
300484.SZ,0.42366045762
600787.SH,0.423523780027
300339.SZ,0.423492573414
002352.SZ,0.423412353633
002414.SZ,0.423394357758
000921.SZ,0.42330085946
300590.SZ,0.423183617874
300575.SZ,0.423156170595
002022.SZ,0.423124075206
002025.SZ,0.423064572246
002691.SZ,0.423055883784
300310.SZ,0.423053068466
000757.SZ,0.42304548487
600600.SH,0.423024334444
600789.SH,0.422969694681
002044.SZ,0.422913931
002504.SZ,0.422752008981
300116.SZ,0.422749460858
300298.SZ,0.422711367404
300589.SZ,0.422706896244
300427.SZ,0.422477590134
000681.SZ,0.422474071872
600305.SH,0.422466350963
600186.SH,0.42246399958
002007.SZ,0.422426608879
601789.SH,0.422339115763
603127.SH,0.422296812079
603976.SH,0.422273158995
600939.SH,0.422214665482
600027.SH,0.422159105498
000927.SZ,0.422125429702
603535.SH,0.422110604297
002654.SZ,0.422095930741
300702.SZ,0.422060587944
300071.SZ,0.422022468847
600697.SH,0.421995584816
300630.SZ,0.421953541294
002807.SZ,0.421900458938
000062.SZ,0.421755816159
300520.SZ,0.421624812257
002880.SZ,0.421596771642
300301.SZ,0.421559441049
002928.SZ,0.421558440124
600689.SH,0.421301277051
600236.SH,0.421236618505
002899.SZ,0.421211848053
600785.SH,0.421108572356
300669.SZ,0.420783748521
002265.SZ,0.420770443092
600113.SH,0.420652842535
603516.SH,0.420630747488
000725.SZ,0.420617775216
603041.SH,0.420515445608
002101.SZ,0.420506212055
600761.SH,0.420483467155
300273.SZ,0.420479804929
300722.SZ,0.42032053725
300542.SZ,0.420284456659
000537.SZ,0.420235726164
603339.SH,0.420204334293
300465.SZ,0.420191677681
300477.SZ,0.420157819258
002133.SZ,0.42014215035
300676.SZ,0.420096972566
603859.SH,0.420049142989
600351.SH,0.419986426351
600707.SH,0.419887342836
300277.SZ,0.419830554058
002897.SZ,0.419785423092
601988.SH,0.419763716851
002603.SZ,0.419714429044
601001.SH,0.419696644411
600202.SH,0.419689300285
002230.SZ,0.419604022256
603168.SH,0.419530202767
603458.SH,0.419480201224
603809.SH,0.419360581366
603033.SH,0.41931980195
600106.SH,0.419198180338
000679.SZ,0.419106901864
300203.SZ,0.418986002557
002829.SZ,0.4189833904
600903.SH,0.418903334036
002145.SZ,0.41880237049
603166.SH,0.418674005026
300475.SZ,0.418663070048
002600.SZ,0.418552054335
002337.SZ,0.418510833161
002668.SZ,0.418491044418
002118.SZ,0.418479211688
603183.SH,0.418451460267
000792.SZ,0.418364436872
600348.SH,0.418363057466
000952.SZ,0.418252141823
300486.SZ,0.418245912897
603922.SH,0.418197573336
300449.SZ,0.418159181311
300047.SZ,0.41812175398
603178.SH,0.418010192052
603015.SH,0.417977337992
600311.SH,0.417854922572
600246.SH,0.417836961608
000848.SZ,0.417825670554
600848.SH,0.417816008115
002684.SZ,0.417751777332
002391.SZ,0.41768695918
000563.SZ,0.41766150475
000877.SZ,0.417638997855
300680.SZ,0.417569875833
002271.SZ,0.417544103948
300162.SZ,0.417474244906
000422.SZ,0.417425579706
002385.SZ,0.417404820211
600365.SH,0.417365896126
600121.SH,0.417275711246
603117.SH,0.417045970494
000768.SZ,0.416786921985
002540.SZ,0.416709143872
600082.SH,0.41668644238
002563.SZ,0.41666341836
603239.SH,0.41661370916
002253.SZ,0.416612823031
603050.SH,0.41654152651
002910.SZ,0.416425759223
300697.SZ,0.416425068085
600681.SH,0.416387104778
600825.SH,0.416316839458
300709.SZ,0.416296543409
002294.SZ,0.415972027662
600730.SH,0.415966724362
300183.SZ,0.415802922605
002680.SZ,0.415780386458
300064.SZ,0.415416186012
603937.SH,0.415352105849
000791.SZ,0.415301072183
600985.SH,0.415233729335
603323.SH,0.415191854211
600180.SH,0.415009801034
603920.SH,0.414992845561
603938.SH,0.414989362407
603313.SH,0.414980711604
600195.SH,0.41485249589
002112.SZ,0.414753109583
600381.SH,0.414720726704
002366.SZ,0.414664017386
002832.SZ,0.414601467084
300741.SZ,0.414474271078
002382.SZ,0.414410362829
300002.SZ,0.414291979541
002780.SZ,0.41426492815
603886.SH,0.414256989854
002522.SZ,0.414232569319
601898.SH,0.414155354342
000663.SZ,0.414153806659
600387.SH,0.413959015289
600545.SH,0.413858857445
002846.SZ,0.413857518971
603066.SH,0.413831310106
002597.SZ,0.413653009721
600265.SH,0.413620410084
603558.SH,0.413510523747
002284.SZ,0.413502491244
002862.SZ,0.413411451517
300113.SZ,0.41340674658
603278.SH,0.41338679697
002389.SZ,0.413357035422
601212.SH,0.413181275637
002367.SZ,0.413117764852
002416.SZ,0.413084458483
300237.SZ,0.413061531491
300272.SZ,0.413059386669
600579.SH,0.413058652598
002229.SZ,0.412947143905
600872.SH,0.412774701357
600688.SH,0.412711713565
000885.SZ,0.412694439402
300476.SZ,0.412684419034
000665.SZ,0.412643223844
000567.SZ,0.412514066708
002677.SZ,0.412407551551
002197.SZ,0.412407291634
300255.SZ,0.412370219491
603900.SH,0.412322700231
002288.SZ,0.412263532305
002543.SZ,0.412234462521
601211.SH,0.412198789481
600908.SH,0.412154470747
300352.SZ,0.412124388876
300429.SZ,0.412044239778
000426.SZ,0.41171888885
002500.SZ,0.411633960891
601619.SH,0.411616748753
601117.SH,0.411495957953
601116.SH,0.411444614835
600837.SH,0.411425036275
300157.SZ,0.411419075924
300613.SZ,0.411300000199
300445.SZ,0.411279270217
002282.SZ,0.41126578712
300155.SZ,0.411263282807
600096.SH,0.411177177808
002168.SZ,0.411162724189
603025.SH,0.411147682168
300658.SZ,0.411032255457
002511.SZ,0.411008517537
300470.SZ,0.410904546894
300494.SZ,0.410904209863
000837.SZ,0.410871748912
002401.SZ,0.410840080427
603100.SH,0.410798452414
300719.SZ,0.410690585862
000519.SZ,0.410685968576
300436.SZ,0.410681946041
300460.SZ,0.410627287648
300153.SZ,0.410549333818
300444.SZ,0.410521623615
002254.SZ,0.410514538371
002907.SZ,0.410509108461
002820.SZ,0.410496643174
600901.SH,0.410481658392
600649.SH,0.410472808956
002873.SZ,0.410291698299
002825.SZ,0.410260543049
300461.SZ,0.410236833168
601015.SH,0.410178359055
600114.SH,0.410173654723
603177.SH,0.410130812449
000712.SZ,0.410099381173
002705.SZ,0.410048432063
000863.SZ,0.410033030718
600539.SH,0.410029854685
603533.SH,0.409764256947
300708.SZ,0.409674497133
300534.SZ,0.409656777764
603040.SH,0.409598705348
603999.SH,0.409597855828
000981.SZ,0.409532410646
300412.SZ,0.409478488486
603199.SH,0.409476144591
002336.SZ,0.409382746083
300410.SZ,0.409361968907
601933.SH,0.40931574285
300288.SZ,0.409271151192
000601.SZ,0.409170057279
600480.SH,0.409167430633
600711.SH,0.409121726254
002881.SZ,0.409014922891
600108.SH,0.4089561149
603331.SH,0.408832750875
300469.SZ,0.408823731908
300691.SZ,0.408668263298
300716.SZ,0.408641371691
000533.SZ,0.408602498298
000550.SZ,0.408572646976
300528.SZ,0.40839265027
600077.SH,0.40826459065
600531.SH,0.408252221865
600508.SH,0.408203569167
000565.SZ,0.408186544024
603399.SH,0.408038231075
600976.SH,0.408022558224
300281.SZ,0.407989054155
300078.SZ,0.407901878405
300415.SZ,0.407782011923
300682.SZ,0.407724734191
600518.SH,0.407678770974
002269.SZ,0.407593655156
600315.SH,0.407539311233
601607.SH,0.407477283519
300353.SZ,0.407471954442
300421.SZ,0.407422437045
300535.SZ,0.40737479609
002114.SZ,0.4073504641
300422.SZ,0.407336914285
603110.SH,0.407297398678
603816.SH,0.407240911662
300230.SZ,0.407228532051
002641.SZ,0.407149457517
600298.SH,0.40714834878
300354.SZ,0.407139797499
000065.SZ,0.407087580462
300402.SZ,0.407048560113
600162.SH,0.406952341539
600633.SH,0.406947524166
600775.SH,0.40691773026
600249.SH,0.406895136221
002266.SZ,0.406860332917
002771.SZ,0.406858680807
603366.SH,0.406814107298
600211.SH,0.406801660106
300551.SZ,0.406607455815
600155.SH,0.406583956682
601997.SH,0.406563403428
600136.SH,0.406540005526
601099.SH,0.406523066347
600826.SH,0.40648763609
600191.SH,0.406355217434
002126.SZ,0.406320840915
002676.SZ,0.406273358023
300566.SZ,0.406237813586
600999.SH,0.40611931229
601689.SH,0.40602229843
002019.SZ,0.406010171803
603669.SH,0.405977211502
600675.SH,0.405810521562
000928.SZ,0.405790490209
000615.SZ,0.405620138522
000701.SZ,0.40557837279
000820.SZ,0.405550697535
000937.SZ,0.40551029592
603869.SH,0.405507078271
002591.SZ,0.405454791358
603378.SH,0.405385004855
300289.SZ,0.40525229519
603169.SH,0.405225012835
300399.SZ,0.405224589244
002852.SZ,0.405161367
603039.SH,0.405135569352
600446.SH,0.405134092026
300020.SZ,0.405108563231
300208.SZ,0.405089750807
600583.SH,0.405075585612
600858.SH,0.405071732481
600595.SH,0.405012147345
300364.SZ,0.404859812011
000558.SZ,0.404800653668
002779.SZ,0.404783021189
300552.SZ,0.404773071877
600301.SH,0.404763060355
603303.SH,0.404740515354
300093.SZ,0.404731088444
600243.SH,0.404656558249
002674.SZ,0.404586198054
002575.SZ,0.404513960953
600816.SH,0.404464519579
002622.SZ,0.404422013531
002855.SZ,0.404388262481
600070.SH,0.404328739788
300328.SZ,0.404254424772
601100.SH,0.404245793453
002715.SZ,0.40413010631
600073.SH,0.404108004118
000420.SZ,0.404016022848
603628.SH,0.40390579993
300001.SZ,0.403813552126
600590.SH,0.403628168768
000025.SZ,0.403508044002
002909.SZ,0.403491794297
002742.SZ,0.403336817968
000960.SZ,0.403152499682
300648.SZ,0.403022447637
300051.SZ,0.402997510734
600612.SH,0.40291507845
002001.SZ,0.402909398155
603580.SH,0.402812926466
002472.SZ,0.402645863762
601668.SH,0.402615350285
300432.SZ,0.402594615873
601788.SH,0.40258594459
600664.SH,0.402584775215
601028.SH,0.402567843588
002244.SZ,0.402294471522
002554.SZ,0.402197139206
600613.SH,0.40211501091
603126.SH,0.402049715687
300081.SZ,0.402048873316
002386.SZ,0.402007529714
300555.SZ,0.401926032601
002338.SZ,0.401833419475
300262.SZ,0.401818308756
600812.SH,0.401709582407
300295.SZ,0.401504103494
601985.SH,0.401489807314
002332.SZ,0.401399386701
600580.SH,0.401371410709
002786.SZ,0.401259346725
000955.SZ,0.401234148371
603298.SH,0.401167900354
002683.SZ,0.401142006798
601011.SH,0.401119353545
603887.SH,0.401077303376
600393.SH,0.400968367364
300428.SZ,0.400919517513
002290.SZ,0.400747170949
600122.SH,0.400713365282
601018.SH,0.400687575474
002419.SZ,0.400681062559
600781.SH,0.400659632957
600392.SH,0.400623879021
300268.SZ,0.4004794766
600137.SH,0.400430459322
601555.SH,0.400386475365
000789.SZ,0.400382324886
300656.SZ,0.400325215369
002388.SZ,0.400202051516
002413.SZ,0.40011253047
603766.SH,0.400061683518
603598.SH,0.400051141747
002633.SZ,0.399993047798
002105.SZ,0.399967657714
000416.SZ,0.399966613488
601989.SH,0.399794581194
002354.SZ,0.399651875548
002350.SZ,0.399623986348
002515.SZ,0.399612851609
300384.SZ,0.399551191165
000988.SZ,0.39952991271
002663.SZ,0.399451803842
002760.SZ,0.399391913168
600355.SH,0.399276170215
002188.SZ,0.399046744671
603136.SH,0.399036172731
600722.SH,0.398837056402
002235.SZ,0.398730715148
601811.SH,0.398722419717
000413.SZ,0.398677345071
300626.SZ,0.398593086734
300141.SZ,0.398581788204
300473.SZ,0.398578523039
300442.SZ,0.398480942636
603725.SH,0.398352108607
603319.SH,0.398348804628
603488.SH,0.39829665781
600241.SH,0.39819873184
603803.SH,0.398165208655
002109.SZ,0.398141875953
000670.SZ,0.398103610491
600215.SH,0.397953736253
300582.SZ,0.397922278553
300699.SZ,0.397908765931
000888.SZ,0.397907179936
603612.SH,0.397898852517
000926.SZ,0.397858533666
603958.SH,0.397853319415
300592.SZ,0.397833540428
603738.SH,0.397816874463
600693.SH,0.397716427114
002115.SZ,0.397584594986
300712.SZ,0.397488452523
600256.SH,0.397445541801
300053.SZ,0.397413901991
600482.SH,0.397402626267
300471.SZ,0.397396869158
002462.SZ,0.397380223843
000922.SZ,0.397358012308
600692.SH,0.397053043243
603067.SH,0.397041879049
300438.SZ,0.39697587688
600667.SH,0.396974766781
600572.SH,0.396964381358
600616.SH,0.396851319386
600302.SH,0.396805869353
300148.SZ,0.396764166527
600061.SH,0.396762862747
002605.SZ,0.396708522716
002127.SZ,0.396628387615
002167.SZ,0.396491213206
300650.SZ,0.396456239503
002428.SZ,0.396448298508
603908.SH,0.396357994897
300501.SZ,0.396291770669
002279.SZ,0.396289489271
601588.SH,0.396141882034
002074.SZ,0.39613288509
603689.SH,0.396122236891
002217.SZ,0.396113937843
002817.SZ,0.396083406191
002666.SZ,0.396012448081
000617.SZ,0.396003888928
600090.SH,0.395862425501
000818.SZ,0.395755775045
601218.SH,0.39574252008
300222.SZ,0.395730569829
002169.SZ,0.39572247944
002457.SZ,0.395722019895
000838.SZ,0.395617981073
300660.SZ,0.395492464873
600064.SH,0.39545884331
000557.SZ,0.395444806292
600655.SH,0.395430383536
002156.SZ,0.395385525414
002116.SZ,0.395306657639
000790.SZ,0.395262008369
002487.SZ,0.395244191687
600963.SH,0.395195012039
002519.SZ,0.395161386845
600060.SH,0.395114578721
000999.SZ,0.395104252352
000822.SZ,0.395103612312
300140.SZ,0.395078480366
603197.SH,0.395077198617
603991.SH,0.3950118546
603589.SH,0.394892361058
002079.SZ,0.394884268384
002494.SZ,0.394862966594
603658.SH,0.394716038589
300246.SZ,0.394708440246
600123.SH,0.394650997076
600172.SH,0.394632915959
300217.SZ,0.394591373304
000901.SZ,0.394581867724
603757.SH,0.394570196433
603320.SH,0.394553187215
000030.SZ,0.394536920601
002664.SZ,0.394355415091
000919.SZ,0.394325654887
300135.SZ,0.394298622238
300715.SZ,0.39421486199
000997.SZ,0.394120775334
002340.SZ,0.394056553803
000750.SZ,0.39399910064
002714.SZ,0.393968840432
300006.SZ,0.39383847523
002767.SZ,0.393812601166
002298.SZ,0.393746321945
002347.SZ,0.393733223094
600601.SH,0.393611316699
000978.SZ,0.393539390725
600143.SH,0.393481633594
000969.SZ,0.393333079031
002544.SZ,0.393326665767
601398.SH,0.393157113925
002733.SZ,0.393126991467
603861.SH,0.393050187089
300011.SZ,0.393028093937
603005.SH,0.392964141568
300536.SZ,0.392960949895
002863.SZ,0.392841806969
002501.SZ,0.392831689614
300386.SZ,0.39275457157
603680.SH,0.392750885065
002274.SZ,0.392744636066
002055.SZ,0.392730492457
002183.SZ,0.392684931715
002582.SZ,0.392603473369
600962.SH,0.392601597351
603727.SH,0.392566952159
300052.SZ,0.392542669704
002911.SZ,0.392446621743
002373.SZ,0.392329497655
300583.SZ,0.392218521191
600020.SH,0.392075338346
002698.SZ,0.392058724818
603955.SH,0.391934877077
600897.SH,0.391894444543
002080.SZ,0.391828654763
002809.SZ,0.391823684791
600836.SH,0.39158327628
600367.SH,0.391572788796
300483.SZ,0.391546406373
300375.SZ,0.391521883464
002155.SZ,0.391513047869
300137.SZ,0.391443565462
603729.SH,0.391286546368
603993.SH,0.39125178883
601669.SH,0.391088117158
002381.SZ,0.391081864575
603637.SH,0.391040198749
603676.SH,0.390947561638
002492.SZ,0.390943569984
600560.SH,0.390843911164
002736.SZ,0.390837006466
002642.SZ,0.390741758081
300690.SZ,0.390696759092
300681.SZ,0.39067642192
002562.SZ,0.390632748468
002216.SZ,0.390482907978
002793.SZ,0.390475214636
000423.SZ,0.390324777898
600129.SH,0.390230177693
000823.SZ,0.389996688135
603079.SH,0.389975264798
000628.SZ,0.389965611471
300511.SZ,0.389946733745
600668.SH,0.389881033318
300075.SZ,0.389850404938
000828.SZ,0.389823862736
601328.SH,0.38975480812
002559.SZ,0.389697586507
300048.SZ,0.389625842639
600270.SH,0.389604757391
002181.SZ,0.389591333707
600456.SH,0.389568505379
002028.SZ,0.389560879149
300054.SZ,0.389553065486
000011.SZ,0.389341998301
603933.SH,0.389331994203
300562.SZ,0.389272793225
002200.SZ,0.389236151211
603963.SH,0.389198832203
002686.SZ,0.389101958761
000783.SZ,0.389042396151
600199.SH,0.389010148564
002578.SZ,0.388995090222
300443.SZ,0.388906021033
601777.SH,0.388904819874
600891.SH,0.388866256944
300276.SZ,0.388851906741
000049.SZ,0.388793992424
601966.SH,0.38872171762
601600.SH,0.388513475024
300334.SZ,0.388418198426
300573.SZ,0.38836277117
000721.SZ,0.388298660889
000006.SZ,0.388231402942
603258.SH,0.388221997137
600085.SH,0.388198156101
300220.SZ,0.388185610343
000517.SZ,0.388148119511
000552.SZ,0.388078392951
300030.SZ,0.388043840071
000036.SZ,0.387980778264
600170.SH,0.387967290965
002031.SZ,0.387896716576
601009.SH,0.387863702428
300492.SZ,0.387822251103
603828.SH,0.387808472312
300019.SZ,0.387415392725
300342.SZ,0.38738670185
600683.SH,0.387319368198
300662.SZ,0.387290555981
002813.SZ,0.387269268654
603566.SH,0.387265631376
600634.SH,0.387261373319
300367.SZ,0.387249193217
002034.SZ,0.38716359499
002801.SZ,0.38705649064
300331.SZ,0.386818099849
000595.SZ,0.386774439432
600704.SH,0.386709311647
601801.SH,0.386690394312
002315.SZ,0.386551960647
601127.SH,0.38653651815
002063.SZ,0.38653074092
600716.SH,0.386507973963
002160.SZ,0.386437269895
000547.SZ,0.386370454891
000760.SZ,0.386297498836
002417.SZ,0.386270628195
002708.SZ,0.386242494752
300013.SZ,0.386187325744
300725.SZ,0.386172573704
002318.SZ,0.386165739961
601019.SH,0.386153500582
603639.SH,0.386141649344
600780.SH,0.386135375678
300057.SZ,0.386115301129
600325.SH,0.386074239366
002087.SZ,0.386038436424
603088.SH,0.386012038741
600727.SH,0.385868088543
002657.SZ,0.385848467363
002616.SZ,0.385750198229
000672.SZ,0.385749135935
002521.SZ,0.385695088349
600790.SH,0.385668289408
002033.SZ,0.385657829118
000516.SZ,0.385601982135
300114.SZ,0.385593846469
600706.SH,0.385572978064
603181.SH,0.385547105051
600959.SH,0.385509558382
603518.SH,0.385416442228
002052.SZ,0.385236642335
600220.SH,0.38517838453
000965.SZ,0.385142969542
300024.SZ,0.385111793924
600135.SH,0.385081229696
300190.SZ,0.385077735739
000525.SZ,0.384957068949
603578.SH,0.384874186166
600326.SH,0.384774426059
601800.SH,0.384764264307
300695.SZ,0.384703740543
002755.SZ,0.384694160532
300221.SZ,0.384684365092
002465.SZ,0.38463219564
000582.SZ,0.384575460591
300713.SZ,0.384429991741
600893.SH,0.384270691399
002732.SZ,0.384203457155
002552.SZ,0.384141543453
603429.SH,0.384107101135
601996.SH,0.384056997275
600452.SH,0.38403731745
300055.SZ,0.38401198733
002581.SZ,0.383943703507
300525.SZ,0.383789017433
300022.SZ,0.383777514016
600500.SH,0.383734227904
603008.SH,0.383564507576
000039.SZ,0.383543070246
002857.SZ,0.383512761377
000605.SZ,0.383391201777
002280.SZ,0.383385254538
002030.SZ,0.383113181661
002187.SZ,0.383048896054
002629.SZ,0.383042951884
300292.SZ,0.38299730858
000958.SZ,0.382989657965
603308.SH,0.382956909042
002592.SZ,0.3829559238
300147.SZ,0.382713461518
600562.SH,0.38263273175
002170.SZ,0.38258334242
002453.SZ,0.382402630887
002151.SZ,0.382372280388
603002.SH,0.382310610216
300587.SZ,0.382298977614
600072.SH,0.382285339493
601958.SH,0.382131795433
002174.SZ,0.381919841961
600289.SH,0.381907249481
600833.SH,0.381884218958
002277.SZ,0.381830314197
603586.SH,0.381720008846
002830.SZ,0.38166259341
300619.SZ,0.381502151545
601798.SH,0.381497245877
002738.SZ,0.381299566143
600983.SH,0.38119390489
601618.SH,0.381184857467
002144.SZ,0.381143042265
002859.SZ,0.381066982645
300193.SZ,0.381048869836
603444.SH,0.380995670369
002743.SZ,0.380858951456
300085.SZ,0.380772613113
300453.SZ,0.38075356233
002527.SZ,0.38070113243
600874.SH,0.38063996343
600898.SH,0.380639820764
603000.SH,0.38058501535
300314.SZ,0.380518428686
603661.SH,0.380495372741
603035.SH,0.380404977241
000788.SZ,0.380193984215
601288.SH,0.380116839534
601038.SH,0.379681126387
300287.SZ,0.379674043967
601200.SH,0.379610260873
300499.SZ,0.379595001849
000920.SZ,0.379464840006
600797.SH,0.379453670295
002719.SZ,0.379415032663
600251.SH,0.379400524099
300569.SZ,0.379223539878
600971.SH,0.379149632186
300485.SZ,0.379049437218
300466.SZ,0.379048481373
603223.SH,0.378990450671
600206.SH,0.378983779816
000715.SZ,0.378813533608
600758.SH,0.378779146388
601901.SH,0.378750454101
300649.SZ,0.378655261456
000638.SZ,0.378460940144
600343.SH,0.378217256877
600422.SH,0.378217032131
000861.SZ,0.378189356139
002054.SZ,0.37816807699
601998.SH,0.378064031932
600986.SH,0.378005657334
300119.SZ,0.377992868718
002380.SZ,0.377921948119
000520.SZ,0.37787745959
300084.SZ,0.377875229799
603037.SH,0.377858193404
000061.SZ,0.377835716094
601519.SH,0.377605226076
002461.SZ,0.377529998118
300267.SZ,0.37746068866
600237.SH,0.377442410751
300150.SZ,0.377441114542
600093.SH,0.377230531288
000005.SZ,0.377115225799
300356.SZ,0.377085609198
002184.SZ,0.377061915975
002152.SZ,0.377042899544
000623.SZ,0.377033115068
000798.SZ,0.376912041455
600319.SH,0.376837944647
600200.SH,0.376736887948
603277.SH,0.376717713179
002062.SZ,0.376679829364
603819.SH,0.376624487158
603585.SH,0.37659968226
000686.SZ,0.376328390559
600139.SH,0.376258510714
600685.SH,0.37615164768
600081.SH,0.376125418883
600112.SH,0.37611023826
002211.SZ,0.375995957215
600015.SH,0.375984619383
002131.SZ,0.375774214979
300387.SZ,0.375663349073
600269.SH,0.375635053094
002789.SZ,0.375615784846
600694.SH,0.375496099761
000826.SZ,0.375404404675
300061.SZ,0.37534854808
300472.SZ,0.375341916247
300152.SZ,0.375318019102
600118.SH,0.375190361326
603321.SH,0.375143374455
601311.SH,0.375115985458
300044.SZ,0.375054121912
603879.SH,0.374942147739
603380.SH,0.374904434119
002781.SZ,0.374885915982
601007.SH,0.374847623879
002594.SZ,0.374818308861
603768.SH,0.374798014919
300424.SZ,0.374604012723
601608.SH,0.374450165612
600876.SH,0.374380654025
600611.SH,0.374344718094
300315.SZ,0.374334701702
600493.SH,0.374332569189
300452.SZ,0.374306977748
300291.SZ,0.374300234345
600499.SH,0.374172036626
002728.SZ,0.374166837178
002449.SZ,0.374124826137
002209.SZ,0.374117359473
002841.SZ,0.37404096913
002158.SZ,0.374013340453
002835.SZ,0.373919490439
300396.SZ,0.373919013654
300254.SZ,0.373826194027
300242.SZ,0.373744205357
600213.SH,0.373672327693
300169.SZ,0.373609929165
002469.SZ,0.373416429472
600250.SH,0.373326593737
600039.SH,0.373325474214
002495.SZ,0.373314447291
000835.SZ,0.37322372333
603728.SH,0.373220101124
603186.SH,0.373152273599
300297.SZ,0.373145041081
300050.SZ,0.372956473214
600051.SH,0.372837333201
603269.SH,0.372638177556
002701.SZ,0.372612239886
600281.SH,0.372588132582
300252.SZ,0.372586006037
600193.SH,0.372482069497
002195.SZ,0.372462169872
300341.SZ,0.372429213195
002566.SZ,0.37239377425
600933.SH,0.372391070129
603987.SH,0.372324463571
600285.SH,0.372309959998
000153.SZ,0.372239549309
300172.SZ,0.372172639792
603009.SH,0.37213224178
002331.SZ,0.372103130424
000998.SZ,0.372102899873
601177.SH,0.37207662734
600331.SH,0.372067816796
002329.SZ,0.371963808116
002568.SZ,0.371940359485
002889.SZ,0.371936960681
300610.SZ,0.371904499205
600489.SH,0.37180881224
600794.SH,0.3717849601
300531.SZ,0.371766100908
002619.SZ,0.371727541856
002454.SZ,0.371670287255
002305.SZ,0.371665744064
002549.SZ,0.371579061161
000722.SZ,0.37146175276
000021.SZ,0.371440518364
000551.SZ,0.371389268181
300244.SZ,0.371364494716
603707.SH,0.371188239223
000633.SZ,0.37088550985
002123.SZ,0.370823610572
300231.SZ,0.370761691897
603101.SH,0.37075328769
600640.SH,0.370602716237
002636.SZ,0.370571221902
002490.SZ,0.370191632351
300397.SZ,0.370140367072
300033.SZ,0.370122200678
600726.SH,0.370087286446
600798.SH,0.370072620016
002580.SZ,0.370033808961
002136.SZ,0.370024490683
300533.SZ,0.370019181685
600369.SH,0.369971179266
000687.SZ,0.369959416155
603116.SH,0.369940240398
000852.SZ,0.369929546699
603028.SH,0.369913635
600448.SH,0.369764218587
002275.SZ,0.369729779414
000815.SZ,0.369658296102
601020.SH,0.369555946566
002671.SZ,0.369488186456
600998.SH,0.369402770724
603988.SH,0.369363071627
600333.SH,0.369285454582
600419.SH,0.369227777505
002248.SZ,0.369217440534
002398.SZ,0.369173118091
002640.SZ,0.36915274457
300417.SZ,0.369080009306
000900.SZ,0.368845480751
600295.SH,0.368828286656
002652.SZ,0.36878066994
002148.SZ,0.368752377818
002573.SZ,0.368682081387
002073.SZ,0.368584878937
601515.SH,0.368561145367
000915.SZ,0.368540021231
300430.SZ,0.368505486585
000668.SZ,0.368479657474
300200.SZ,0.368354232627
000993.SZ,0.368285841039
600111.SH,0.368212237809
000590.SZ,0.368086677334
300500.SZ,0.368054627531
300076.SZ,0.367924642701
300161.SZ,0.367916399978
300368.SZ,0.367842219478
002772.SZ,0.367824836108
603266.SH,0.367738974882
002287.SZ,0.367733569706
002788.SZ,0.367599852291
300189.SZ,0.36756831628
300358.SZ,0.367519289551
600235.SH,0.36746446409
300092.SZ,0.367450749731
601766.SH,0.367371411646
603668.SH,0.367369446424
002139.SZ,0.367356593076
002342.SZ,0.367331540686
600865.SH,0.367211192486
300243.SZ,0.367180799594
300098.SZ,0.367023457675
000949.SZ,0.366999312812
600149.SH,0.366960741655
300419.SZ,0.366919893608
600513.SH,0.366836640482
002750.SZ,0.366673237826
600713.SH,0.366653503534
000729.SZ,0.366570440037
600120.SH,0.36639626755
603817.SH,0.366273852993
002227.SZ,0.366219761951
600461.SH,0.366172747895
600868.SH,0.366158156896
300380.SZ,0.366123403507
600378.SH,0.366094608804
002470.SZ,0.366060558145
002045.SZ,0.365990221683
000816.SZ,0.365952690537
300593.SZ,0.365925051649
603600.SH,0.365914778488
002884.SZ,0.365880773901
002818.SZ,0.365859286635
002166.SZ,0.365792707313
002908.SZ,0.365618656824
002632.SZ,0.365579944491
300151.SZ,0.365516658294
002474.SZ,0.36549277464
603316.SH,0.365424485436
603855.SH,0.365318214893
002791.SZ,0.365063191701
000410.SZ,0.365062001688
600502.SH,0.364960775277
600802.SH,0.364887345248
300638.SZ,0.364805526714
000157.SZ,0.364729267942
603767.SH,0.364595856994
300201.SZ,0.364540760237
600975.SH,0.364495623955
000513.SZ,0.364489437532
600769.SH,0.364334283307
002639.SZ,0.364324869986
600475.SH,0.364324869845
300240.SZ,0.36427961438
300627.SZ,0.364271496008
600773.SH,0.363830047448
002046.SZ,0.36382302361
600679.SH,0.363787127081
600881.SH,0.363771488256
002748.SZ,0.363733608504
603421.SH,0.363695516978
601139.SH,0.36363919917
000488.SZ,0.363531796313
002297.SZ,0.363477238575
002612.SZ,0.363386310389
600056.SH,0.363180217003
300154.SZ,0.36316502112
600288.SH,0.363085340732
002199.SZ,0.3630428988
600525.SH,0.36283306833
600630.SH,0.362768916411
300457.SZ,0.3625611862
600150.SH,0.362351229257
300737.SZ,0.362301767208
600827.SH,0.362241000575
000801.SZ,0.362235449431
300179.SZ,0.362140020187
600720.SH,0.362133393234
300305.SZ,0.361922611308
601126.SH,0.361913490734
000400.SZ,0.361882230744
000004.SZ,0.361872168747
002067.SZ,0.361650685415
002606.SZ,0.361447345306
600284.SH,0.361384849907
601163.SH,0.361353938858
600268.SH,0.361320833103
002678.SZ,0.361243524058
603906.SH,0.361138765754
300083.SZ,0.361098855821
600526.SH,0.361003929401
002375.SZ,0.360998674461
600814.SH,0.360926392878
000411.SZ,0.3608684608
600160.SH,0.360785615204
002717.SZ,0.36077880072
002694.SZ,0.360740150524
000017.SZ,0.360582301769
000951.SZ,0.360536529382
600074.SH,0.360521919229
000657.SZ,0.360466023025
002056.SZ,0.360352009774
002276.SZ,0.360327530913
600822.SH,0.360246985526
600386.SH,0.360236937435
600376.SH,0.360208638161
000159.SZ,0.360180980171
600016.SH,0.360117845382
000626.SZ,0.359963087653
300629.SZ,0.359937337654
002452.SZ,0.359717035721
002095.SZ,0.359700698527
600644.SH,0.35961413624
000777.SZ,0.35958764928
600571.SH,0.359547752004
600187.SH,0.359431383699
002774.SZ,0.359339428439
600455.SH,0.359225433748
002541.SZ,0.359168879252
600240.SH,0.359119232667
300278.SZ,0.358981180052
002214.SZ,0.358790093077
600677.SH,0.358746256686
603882.SH,0.358519647944
300007.SZ,0.358504055845
603903.SH,0.358218948678
002048.SZ,0.358173668388
002763.SZ,0.358150058893
603569.SH,0.358097555964
600218.SH,0.358066492191
300194.SZ,0.358062728528
600248.SH,0.358027550206
000656.SZ,0.35799467947
600793.SH,0.357984060738
002762.SZ,0.357929196853
000918.SZ,0.357924504408
300488.SZ,0.357905371088
002091.SZ,0.357736022179
000930.SZ,0.35765476091
002423.SZ,0.357642890306
002378.SZ,0.357570799929
600468.SH,0.357552136078
000554.SZ,0.357406923646
600805.SH,0.357254943179
300245.SZ,0.357232286263
300209.SZ,0.357205404138
002601.SZ,0.357077288323
002484.SZ,0.357047878334
603656.SH,0.356986749597
002731.SZ,0.35694498926
600501.SH,0.356892204656
600097.SH,0.356829247596
600684.SH,0.356812208972
000685.SZ,0.356764671301
300130.SZ,0.356729461306
002513.SZ,0.356649460359
600497.SH,0.356521855574
600169.SH,0.356497361032
601611.SH,0.356400432534
603926.SH,0.356201891238
600847.SH,0.35611964058
000785.SZ,0.355893260737
603022.SH,0.355747292197
600846.SH,0.355680927544
603010.SH,0.355665803169
000738.SZ,0.355600322808
002140.SZ,0.355587229801
002551.SZ,0.355514753279
002477.SZ,0.355490000774
002292.SZ,0.355464562501
002018.SZ,0.355451026936
300175.SZ,0.355321839816
002842.SZ,0.35527694644
600993.SH,0.355262383372
300265.SZ,0.355119483913
603139.SH,0.355085086087
600008.SH,0.355083310842
002104.SZ,0.355051362251
600602.SH,0.355030394578
600966.SH,0.355020687488
603299.SH,0.354928092097
300039.SZ,0.35491619946
002726.SZ,0.354898469124
002524.SZ,0.354779690321
603159.SH,0.354772499056
300086.SZ,0.354755243595
603969.SH,0.354650462381
300391.SZ,0.354642625579
603020.SH,0.354626316395
002546.SZ,0.354552834703
300043.SZ,0.354468351013
601002.SH,0.3544517684
600995.SH,0.354417909577
601326.SH,0.354324006952
002283.SZ,0.354198479967
600495.SH,0.354186886781
300035.SZ,0.354028005633
600558.SH,0.354004887079
002545.SZ,0.353816440548
002124.SZ,0.353718555785
002060.SZ,0.353705083767
600178.SH,0.353704592846
601616.SH,0.353692060164
600297.SH,0.35359167102
300440.SZ,0.353497000585
600854.SH,0.353120324408
000600.SZ,0.353002394949
601369.SH,0.352980253072
000060.SZ,0.352942297575
603196.SH,0.352844778452
300652.SZ,0.352789637493
000970.SZ,0.352661869939
002777.SZ,0.352564741825
002390.SZ,0.352558621461
002536.SZ,0.352548838518
000957.SZ,0.352408786464
600512.SH,0.352377596603
603826.SH,0.352355888335
002565.SZ,0.352336845647
600316.SH,0.352168366515
600261.SH,0.352116220901
603123.SH,0.352112898894
000973.SZ,0.351964149125
600917.SH,0.351920772265
603608.SH,0.351905543815
600067.SH,0.351897676741
002093.SZ,0.351880756562
600275.SH,0.35187993599
603663.SH,0.351877639023
002882.SZ,0.351734826673
300214.SZ,0.351703560479
002478.SZ,0.351620470099
002191.SZ,0.351598046168
000962.SZ,0.351513725895
002365.SZ,0.351359130404
600537.SH,0.351303187308
600824.SH,0.351101790768
600705.SH,0.351086350192
600428.SH,0.35095844651
600743.SH,0.350950485349
000659.SZ,0.350916662637
000887.SZ,0.3508722629
600292.SH,0.350841140709
300636.SZ,0.350720530796
002443.SZ,0.350634617706
002868.SZ,0.350586178412
002429.SZ,0.350534024335
600573.SH,0.350408827323
600119.SH,0.350259594153
001696.SZ,0.350225409956
300115.SZ,0.350066445465
600919.SH,0.349947114937
603822.SH,0.349935216608
300441.SZ,0.349935018133
000592.SZ,0.349933415957
002824.SZ,0.349874476132
002479.SZ,0.349869313641
300163.SZ,0.349828171339
002189.SZ,0.349790039318
600594.SH,0.349779379814
000070.SZ,0.349651182522
300096.SZ,0.349540354625
300362.SZ,0.349504715218
002689.SZ,0.349497605692
601928.SH,0.349486612198
600470.SH,0.349400872919
300321.SZ,0.349299696707
300286.SZ,0.349298860655
600992.SH,0.34925976203
002658.SZ,0.349236018822
002569.SZ,0.349198535464
002510.SZ,0.349030934239
300385.SZ,0.349002334745
300489.SZ,0.348931123384
002245.SZ,0.348747254012
300234.SZ,0.348729020474
002205.SZ,0.348716260761
600862.SH,0.348394618619
600587.SH,0.34824815726
002057.SZ,0.348120806724
600023.SH,0.348116645315
603667.SH,0.348109809625
000667.SZ,0.348045984007
600603.SH,0.347995715306
000561.SZ,0.347925419835
600131.SH,0.347643944301
000678.SZ,0.347505055093
001896.SZ,0.347430596235
300307.SZ,0.347397464908
600676.SH,0.347363732753
601949.SH,0.347341974236
002783.SZ,0.347327014923
300167.SZ,0.347151308592
600674.SH,0.347095453896
002406.SZ,0.347037135233
000702.SZ,0.346995511547
000797.SZ,0.346916882845
603086.SH,0.346822023461
600026.SH,0.3467307536
000881.SZ,0.34670727449
300106.SZ,0.346339737837
000707.SZ,0.346256995464
603300.SH,0.34616242597
002685.SZ,0.346115895627
600372.SH,0.346066891234
603055.SH,0.34584935246
600287.SH,0.345777578798
002498.SZ,0.345681744359
600103.SH,0.34568155453
002425.SZ,0.345479092309
600517.SH,0.345468142657
603018.SH,0.345334526874
300063.SZ,0.345131337644
000009.SZ,0.345099231533
000504.SZ,0.344914592317
000407.SZ,0.344901102209
603989.SH,0.344898142423
002703.SZ,0.344791195142
300215.SZ,0.34449105898
000925.SZ,0.344178818963
600336.SH,0.344040713125
000880.SZ,0.343968924428
603778.SH,0.343923731302
300508.SZ,0.343904926914
002099.SZ,0.343886744073
600420.SH,0.343873457657
603507.SH,0.343719730118
600533.SH,0.343703676291
600626.SH,0.343642456362
603823.SH,0.343566373314
600875.SH,0.343537042162
002135.SZ,0.343515999475
002583.SZ,0.343416162374
300180.SZ,0.343409698734
600650.SH,0.343392747173
000731.SZ,0.343375022608
603063.SH,0.343288394875
002351.SZ,0.343076106273
002631.SZ,0.342954298242
002397.SZ,0.34291513127
300021.SZ,0.342616595256
600306.SH,0.342476129635
600615.SH,0.342427641982
000859.SZ,0.342414553077
603200.SH,0.342135886783
300330.SZ,0.341934291886
002682.SZ,0.341833185992
600391.SH,0.341788679018
002438.SZ,0.341623879743
000762.SZ,0.341557878284
300546.SZ,0.341304212762
002587.SZ,0.341218700235
600838.SH,0.341201863984
600425.SH,0.341150787559
603980.SH,0.341029919932
603003.SH,0.341016024123
603985.SH,0.340985696539
002267.SZ,0.340984042146
603309.SH,0.340961078066
000727.SZ,0.340748714311
600403.SH,0.340736474458
000609.SZ,0.34070839377
600405.SH,0.340680199824
000862.SZ,0.340507114474
002757.SZ,0.340368297612
600435.SH,0.34024549333
300079.SZ,0.340199411368
002615.SZ,0.340169508482
300304.SZ,0.339870942714
600201.SH,0.339532088003
600168.SH,0.339505477949
002040.SZ,0.339355885973
600719.SH,0.339352413213
002387.SZ,0.339344952792
600829.SH,0.339004681166
600101.SH,0.338906785726
300125.SZ,0.338747450574
000971.SZ,0.338725037863
002811.SZ,0.338358874193
000908.SZ,0.338310179254
002215.SZ,0.338199469334
600662.SH,0.338149656466
002182.SZ,0.338134251391
002374.SZ,0.338093984779
002261.SZ,0.338075843751
002403.SZ,0.337950758501
300171.SZ,0.337813700789
603726.SH,0.337715535257
601388.SH,0.337559938719
002735.SZ,0.33751200088
000737.SZ,0.337511023673
000012.SZ,0.33746070764
000758.SZ,0.337405774805
300045.SZ,0.33731999666
002047.SZ,0.337206819218
600481.SH,0.336951078009
300029.SZ,0.336861355274
002752.SZ,0.336803744125
002535.SZ,0.33665001269
300435.SZ,0.336103912775
600831.SH,0.336003984242
000833.SZ,0.335977257189
603758.SH,0.335828834057
300232.SZ,0.335670132658
600503.SH,0.33564533868
603618.SH,0.335593803751
300371.SZ,0.335530490609
600817.SH,0.335454357201
600366.SH,0.335347387208
300332.SZ,0.335196232458
002648.SZ,0.335164638354
600749.SH,0.33514531741
600830.SH,0.334921041084
600079.SH,0.334798926164
601818.SH,0.33459527281
600234.SH,0.334368104825
300318.SZ,0.334220263299
002221.SZ,0.334209615473
600791.SH,0.334147755084
002238.SZ,0.334072149804
600823.SH,0.334067782435
600654.SH,0.333980342276
000756.SZ,0.333974942765
600252.SH,0.333783988673
600089.SH,0.333660337897
002628.SZ,0.333516953184
002357.SZ,0.333442381143
000726.SZ,0.333255735754
002231.SZ,0.333228094888
002349.SZ,0.333187814822
000059.SZ,0.33308015996
002775.SZ,0.333017586457
002822.SZ,0.332981648094
000637.SZ,0.332884122189
603001.SH,0.332589390385
000539.SZ,0.332395863988
600755.SH,0.33209162161
603360.SH,0.331807779556
600459.SH,0.331624418313
002649.SZ,0.331580422389
600110.SH,0.331524104678
600300.SH,0.331361954588
000868.SZ,0.331324645359
600624.SH,0.331258594831
002212.SZ,0.3312482515
600873.SH,0.331222759231
601058.SH,0.331187274743
000705.SZ,0.331120496153
601929.SH,0.331012100683
600768.SH,0.330880530247
600068.SH,0.330875256018
002300.SZ,0.33071752705
600415.SH,0.330577254114
002218.SZ,0.33045202896
000800.SZ,0.330207636261
002064.SZ,0.330138331205
000045.SZ,0.329982420362
300343.SZ,0.32965477813
300042.SZ,0.329617989985
002467.SZ,0.329392654117
300040.SZ,0.329391443921
002876.SZ,0.329320078453
600011.SH,0.329291519072
600078.SH,0.329276740087
601880.SH,0.328873078824
600098.SH,0.328869566422
300112.SZ,0.32880398834
600469.SH,0.328703982553
300370.SZ,0.328577887777
000610.SZ,0.328516556409
000682.SZ,0.328381970192
002326.SZ,0.328254450831
603567.SH,0.328243792733
600589.SH,0.328129672238
002808.SZ,0.328089932674
600608.SH,0.328061070068
300008.SZ,0.327969937127
600652.SH,0.327948772941
601890.SH,0.327927128428
600361.SH,0.327850347287
600717.SH,0.32782100608
600229.SH,0.327778315708
000589.SZ,0.327539770136
300335.SZ,0.327379373274
600408.SH,0.327374804653
600552.SH,0.327330030783
600597.SH,0.32720630063
002574.SZ,0.327205274778
002222.SZ,0.32709686112
603801.SH,0.327080176194
603203.SH,0.327053307653
000897.SZ,0.326697232501
600643.SH,0.326588689959
600059.SH,0.326583238207
002567.SZ,0.326520644482
600400.SH,0.326480260681
000546.SZ,0.326475532639
600458.SH,0.326404983485
002029.SZ,0.326286799456
603311.SH,0.326163042143
600088.SH,0.325551198298
601919.SH,0.325352596722
002585.SZ,0.324909203058
000752.SZ,0.324888772483
000795.SZ,0.32475036215
601992.SH,0.324730677124
300210.SZ,0.324503723238
002004.SZ,0.324096585272
600886.SH,0.323846543654
600219.SH,0.323830956717
300206.SZ,0.323585948832
300325.SZ,0.323514783159
600653.SH,0.323427665395
002700.SZ,0.323365384332
002291.SZ,0.323262005256
300066.SZ,0.323020818904
002021.SZ,0.322789685788
601991.SH,0.322480077758
601900.SH,0.322449848788
600586.SH,0.322338083134
603007.SH,0.322337028262
000419.SZ,0.322248864579
600792.SH,0.322247657211
601918.SH,0.32224212298
002473.SZ,0.321961214203
300279.SZ,0.321944682882
603998.SH,0.321761752718
000883.SZ,0.321633934081
603599.SH,0.321548925345
002426.SZ,0.321403040962
300313.SZ,0.321386079263
002607.SZ,0.321371457502
600321.SH,0.321324656099
002441.SZ,0.32131439998
600477.SH,0.32119375691
600429.SH,0.320985767742
603665.SH,0.320758554429
002289.SZ,0.320719470844
600418.SH,0.320686371936
300018.SZ,0.320666106622
000690.SZ,0.320216589495
002249.SZ,0.320204785897
600843.SH,0.320078146805
002476.SZ,0.320046885465
002598.SZ,0.320010664762
600449.SH,0.319705361461
002066.SZ,0.319540761181
002644.SZ,0.319405876716
600618.SH,0.319215986138
002295.SZ,0.319181423126
000803.SZ,0.319080203037
002196.SZ,0.31870851112
002448.SZ,0.318555715944
002402.SZ,0.318219730101
002106.SZ,0.318133548695
601226.SH,0.318038044619
000607.SZ,0.318017109872
603388.SH,0.317979622333
600021.SH,0.317971033451
600035.SH,0.317899656041
002730.SZ,0.317819754096
600973.SH,0.317408434509
000889.SZ,0.317347480928
300181.SZ,0.317330538925
600128.SH,0.317008537147
002424.SZ,0.316162282237
600397.SH,0.316104694972
002330.SZ,0.316075870445
300005.SZ,0.315577666581
300117.SZ,0.315283959304
603977.SH,0.315088792446
300259.SZ,0.314937079502
603588.SH,0.314640067024
600363.SH,0.314397532271
300406.SZ,0.314172402278
000625.SZ,0.314047222024
002528.SZ,0.313989774863
000767.SZ,0.313978541533
600496.SH,0.313490138568
002163.SZ,0.313486834186
002620.SZ,0.313435959777
600370.SH,0.313115551191
002392.SZ,0.312938138361
000058.SZ,0.312479488733
603808.SH,0.312452762268
000630.SZ,0.312169723048
000899.SZ,0.312101712759
002790.SZ,0.311944516397
603797.SH,0.311918293273
000027.SZ,0.31142712091
000603.SZ,0.311111899779
600127.SH,0.310969565659
300082.SZ,0.310686143232
300615.SZ,0.310186621884
000501.SZ,0.310066231315
600936.SH,0.310059636185
603158.SH,0.309934815771
600467.SH,0.309891718001
600444.SH,0.309888974127
000548.SZ,0.309810809193
603716.SH,0.309611215495
002400.SZ,0.309537043496
000403.SZ,0.309397656018
000099.SZ,0.30937012169
002360.SZ,0.309206911232
600320.SH,0.309027382433
002634.SZ,0.308880989963
600556.SH,0.308383607089
600184.SH,0.308197324767
600731.SH,0.308144954355
600682.SH,0.308022536255
002108.SZ,0.307989269819
600708.SH,0.307838588223
000573.SZ,0.307784857822
600012.SH,0.307173371661
000698.SZ,0.307059935741
600861.SH,0.307007708551
601872.SH,0.306992830464
600488.SH,0.306977945539
603416.SH,0.306949018713
000652.SZ,0.306927053208
600312.SH,0.306831694953
000966.SZ,0.306370629963
601208.SH,0.305768206197
000680.SZ,0.305581545497
002125.SZ,0.304740921708
002570.SZ,0.304256929601
000905.SZ,0.304184079078
600185.SH,0.30404995301
600776.SH,0.303985918076
000876.SZ,0.303958758648
601567.SH,0.303489705458
000913.SZ,0.303428720577
000622.SZ,0.303406206826
600017.SH,0.303159159309
603328.SH,0.302556738086
002561.SZ,0.302546487027
603128.SH,0.302285352433
600190.SH,0.302184945706
002765.SZ,0.302096765311
002141.SZ,0.302090654339
002486.SZ,0.30192542084
600071.SH,0.30132884581
002334.SZ,0.301212080654
002134.SZ,0.301080194253
002356.SZ,0.300756356134
000090.SZ,0.300712347971
603306.SH,0.300257905462
600723.SH,0.299721282924
600272.SH,0.298810836368
002325.SZ,0.298801970218
600710.SH,0.298009760528
600981.SH,0.297877135068
300320.SZ,0.297766628216
600629.SH,0.297651399054
300565.SZ,0.297480831258
000428.SZ,0.297210053498
002471.SZ,0.297065167112
000037.SZ,0.296875590664
600058.SH,0.296828377866
600619.SH,0.296801033039
000559.SZ,0.296489064073
002096.SZ,0.296384790463
600576.SH,0.296377529647
300195.SZ,0.296334190664
600871.SH,0.296250900318
600578.SH,0.296205429855
600565.SH,0.296118399905
300028.SZ,0.296013771469
603060.SH,0.295923226335
600006.SH,0.295569889249
300165.SZ,0.294973359299
300283.SZ,0.294846068361
300068.SZ,0.294744519939
600491.SH,0.294692628063
600278.SH,0.294672780916
002503.SZ,0.294576670175
600883.SH,0.294476026876
601717.SH,0.294244641363
300185.SZ,0.294198705777
600969.SH,0.294043351309
600308.SH,0.294032952576
600894.SH,0.292043880827
600421.SH,0.291690567868
601866.SH,0.291585446248
002539.SZ,0.291478436122
601968.SH,0.291430540982
002177.SZ,0.291082894596
000421.SZ,0.291059639965
002090.SZ,0.290733527191
600163.SH,0.290611867432
000911.SZ,0.289609008412
000404.SZ,0.289145623507
600055.SH,0.289125057185
000543.SZ,0.288608105956
000903.SZ,0.288596979234
600820.SH,0.288073034228
600996.SH,0.287912173622
600835.SH,0.287809377999
002588.SZ,0.287316634376
600628.SH,0.286998211309
601368.SH,0.286887050478
600353.SH,0.28634091023
601008.SH,0.286066964368
600561.SH,0.285878794121
000655.SZ,0.28514453357
600509.SH,0.284671811107
000417.SZ,0.283846971022
000875.SZ,0.283672786184
000598.SZ,0.283398944465
002550.SZ,0.282832674911
002207.SZ,0.282691036892
000425.SZ,0.282540958025
600551.SH,0.28224718069
600105.SH,0.28186980165
000979.SZ,0.281792138556
300591.SZ,0.281583463854
002608.SZ,0.281557098513
002404.SZ,0.280593300793
600828.SH,0.27973338452
000692.SZ,0.279359166864
600819.SH,0.278071228709
600527.SH,0.27783359746
002560.SZ,0.277202848784
000612.SZ,0.276493184715
601558.SH,0.276353021032
002272.SZ,0.276185330709
601595.SH,0.275287724676
600210.SH,0.274759642497
000570.SZ,0.272608833713
000720.SZ,0.271122472072
600757.SH,0.271077241243
600505.SH,0.270575657636
000700.SZ,0.270275002736
300218.SZ,0.269562576925
002206.SZ,0.269525375927
300260.SZ,0.269294413795
600748.SH,0.267485870639
600609.SH,0.265596737531
002333.SZ,0.265311503019
600617.SH,0.265187137171
002553.SZ,0.265032206255
002533.SZ,0.26370854213
603889.SH,0.263306152984
000078.SZ,0.263145651635
600091.SH,0.262225702508
600063.SH,0.261676318317
603890.SH,0.261119998521
300239.SZ,0.260760076916
002782.SZ,0.260522037384
000751.SZ,0.259318852158
300235.SZ,0.258480344901
300196.SZ,0.257728466859
601999.SH,0.257704421226
002361.SZ,0.256439306468
600696.SH,0.250634678122
601258.SH,0.250234332908
002097.SZ,0.250002608193
002150.SZ,0.247807358203
600795.SH,0.247068850008
603990.SH,0.244259864064
002324.SZ,0.244042509773
600866.SH,0.242892573898
600834.SH,0.238420545344
600069.SH,0.237766346716
600744.SH,0.232584479982
300517.SZ,0.222949468273
600890.SH,0.221846807649
300687.SZ,0.210798892599
600767.SH,0.208572101085
600379.SH,0.207208497641
002604.SZ,0.205682200639
600860.SH,0.204672295528
300495.SZ,0.204272391074
600310.SH,0.187335864084
300549.SZ,0.139517839916
300249.SZ,0.133846960819
002010.SZ,0.111500641992
300411.SZ,0.000163300823539
002707.SZ,0.0
002856.SZ,0.0
000509.SZ,0.0
002716.SZ,0.0
300317.SZ,0.0
600145.SH,0.0
002866.SZ,0.0
002699.SZ,0.0
600189.SH,0.0
000502.SZ,0.0
002770.SZ,0.0
600165.SH,0.0
600158.SH,0.0
600133.SH,0.0
600086.SH,0.0
601390.SH,0.0
000506.SZ,0.0
600084.SH,0.0
002778.SZ,0.0
603997.SH,0.0
002819.SZ,0.0
603602.SH,0.0
002739.SZ,0.0
000523.SZ,0.0
600148.SH,0.0
600175.SH,0.0
000526.SZ,0.0
603188.SH,0.0
002721.SZ,0.0
300670.SZ,0.0
002872.SZ,0.0
000063.SZ,0.0
300491.SZ,0.0
300490.SZ,0.0
300146.SZ,0.0
300350.SZ,0.0
300464.SZ,0.0
300290.SZ,0.0
603456.SH,0.0
300280.SZ,0.0
000048.SZ,0.0
300266.SZ,0.0
300187.SZ,0.0
000042.SZ,0.0
601727.SH,0.0
000038.SZ,0.0
300253.SZ,0.0
300197.SZ,0.0
000035.SZ,0.0
300198.SZ,0.0
300416.SZ,0.0
000029.SZ,0.0
300219.SZ,0.0
300225.SZ,0.0
300229.SZ,0.0
000022.SZ,0.0
300238.SZ,0.0
300131.SZ,0.0
300128.SZ,0.0
000415.SZ,0.0
603315.SH,0.0
600052.SH,0.0
600022.SH,0.0
000409.SZ,0.0
300732.SZ,0.0
300683.SZ,0.0
300392.SZ,0.0
300026.SZ,0.0
300324.SZ,0.0
000301.SZ,0.0
300603.SZ,0.0
000158.SZ,0.0
300049.SZ,0.0
000156.SZ,0.0
300586.SZ,0.0
600217.SH,0.0
603508.SH,0.0
300312.SZ,0.0
300345.SZ,0.0
300080.SZ,0.0
300561.SZ,0.0
000008.SZ,0.0
300090.SZ,0.0
603501.SH,0.0
300111.SZ,0.0
300118.SZ,0.0
600212.SH,0.0
600856.SH,0.0
600221.SH,0.0
600610.SH,0.0
002051.SZ,0.0
002053.SZ,0.0
002059.SZ,0.0
603021.SH,0.0
600724.SH,0.0
603838.SH,0.0
600896.SH,0.0
002075.SZ,0.0
002082.SZ,0.0
603825.SH,0.0
002089.SZ,0.0
000723.SZ,0.0
002098.SZ,0.0
002102.SZ,0.0
603818.SH,0.0
002113.SZ,0.0
600701.SH,0.0
002121.SZ,0.0
002122.SZ,0.0
000711.SZ,0.0
002143.SZ,0.0
600678.SH,0.0
002147.SZ,0.0
603032.SH,0.0
002171.SZ,0.0
600641.SH,0.0
000693.SZ,0.0
002210.SZ,0.0
002219.SZ,0.0
603843.SH,0.0
000755.SZ,0.0
600733.SH,0.0
600784.SH,0.0
600844.SH,0.0
000825.SZ,0.0
000912.SZ,0.0
600811.SH,0.0
600807.SH,0.0
603880.SH,0.0
000939.SZ,0.0
600800.SH,0.0
000967.SZ,0.0
600796.SH,0.0
000972.SZ,0.0
000796.SZ,0.0
000793.SZ,0.0
002002.SZ,0.0
600734.SH,0.0
002005.SZ,0.0
002011.SZ,0.0
600765.SH,0.0
600764.SH,0.0
600759.SH,0.0
000779.SZ,0.0
600880.SH,0.0
600753.SH,0.0
600751.SH,0.0
600750.SH,0.0
000766.SZ,0.0
600745.SH,0.0
603016.SH,0.0
002226.SZ,0.0
002239.SZ,0.0
600226.SH,0.0
002252.SZ,0.0
603108.SH,0.0
002502.SZ,0.0
000593.SZ,0.0
600335.SH,0.0
600850.SH,0.0
002520.SZ,0.0
000587.SZ,0.0
600318.SH,0.0
002529.SZ,0.0
000584.SZ,0.0
002532.SZ,0.0
601118.SH,0.0
000566.SZ,0.0
000564.SZ,0.0
600293.SH,0.0
002584.SZ,0.0
002610.SZ,0.0
002617.SZ,0.0
002621.SZ,0.0
002624.SZ,0.0
002637.SZ,0.0
002647.SZ,0.0
002650.SZ,0.0
002659.SZ,0.0
603636.SH,0.0
603939.SH,0.0
002665.SZ,0.0
000540.SZ,0.0
600232.SH,0.0
603936.SH,0.0
603690.SH,0.0
002485.SZ,0.0
600506.SH,0.0
002256.SZ,0.0
002259.SZ,0.0
000673.SZ,0.0
002260.SZ,0.0
002263.SZ,0.0
000669.SZ,0.0
002270.SZ,0.0
000666.SZ,0.0
600568.SH,0.0
002301.SZ,0.0
002309.SZ,0.0
002310.SZ,0.0
600515.SH,0.0
002344.SZ,0.0
002466.SZ,0.0
002359.SZ,0.0
600490.SH,0.0
002369.SZ,0.0
600485.SH,0.0
600423.SH,0.0
000616.SZ,0.0
002431.SZ,0.0
600399.SH,0.0
000611.SZ,0.0
002447.SZ,0.0
002450.SZ,0.0
002451.SZ,0.0
002464.SZ,0.0
600328.SH,0.0
