600396.SH,2.78691423285e+15
000078.SZ,117.505070413
603077.SH,92.7061870022
601677.SH,53.1832133632
600864.SH,49.6201499388
000587.SZ,44.771313725
002021.SZ,38.5709216871
600277.SH,34.4234351724
600959.SH,32.7492506768
002641.SZ,28.5
600249.SH,27.5601445964
002060.SZ,27.0
600643.SH,22.8005336805
600090.SH,22.5439310404
002062.SZ,21.3400204047
002138.SZ,21.2655595462
002498.SZ,19.9581343486
300193.SZ,19.3585449664
600658.SH,18.2851094369
600203.SH,17.9689746554
002437.SZ,17.6519096679
002442.SZ,17.0
600783.SH,16.4676686196
000892.SZ,16.0367285601
600371.SH,15.7389567557
002481.SZ,15.6139335076
002358.SZ,15.5527953824
300062.SZ,15.2506793801
601188.SH,15.2294065819
002839.SZ,15.1585320924
601021.SH,14.1754954151
002565.SZ,13.9615028873
000429.SZ,13.9242792648
000931.SZ,13.6079103773
002407.SZ,13.4659537203
002560.SZ,13.4201132363
002504.SZ,13.3507781314
000606.SZ,13.2295745547
600548.SH,13.1777896889
002482.SZ,12.8708326088
601012.SH,12.673284923
600110.SH,12.662549586
600601.SH,12.4079439616
601877.SH,12.2105872572
002206.SZ,12.0678535413
600094.SH,12.0548663822
000703.SZ,11.6984638123
600421.SH,11.6666666667
600350.SH,11.6440132259
603606.SH,11.627271057
603758.SH,11.236608325
300011.SZ,10.9610505824
600167.SH,10.9569720488
601128.SH,10.8850227104
002311.SZ,10.7844131181
600703.SH,10.4896718937
600122.SH,10.3968457518
002562.SZ,9.91190780494
300540.SZ,9.78113690885
600843.SH,9.65072510491
002769.SZ,9.57699717863
300643.SZ,9.57329408981
002450.SZ,9.49355048009
002360.SZ,9.48027596117
002268.SZ,9.3128007689
600252.SH,9.28985544236
002475.SZ,9.13590356555
000089.SZ,9.00094004452
603167.SH,8.96108423427
002558.SZ,8.84494578149
600406.SH,8.71230461628
000017.SZ,8.68355099572
300248.SZ,8.66896419477
002356.SZ,8.27954183644
002434.SZ,8.27365023986
600513.SH,8.25583558106
600900.SH,8.1912229871
002303.SZ,8.17482283893
300188.SZ,8.08033897685
000568.SZ,7.92064267932
002512.SZ,7.89730880713
600103.SH,7.7913512483
600741.SH,7.78612637648
601766.SH,7.77095524916
600118.SH,7.69512075634
002108.SZ,7.66393493384
300089.SZ,7.63150358539
000166.SZ,7.59053621321
601838.SH,7.45800679029
000691.SZ,7.43763988078
000518.SZ,7.37495870728
002515.SZ,7.33888081596
000899.SZ,7.32501783234
601229.SH,7.26126568505
600138.SH,7.25700281449
000791.SZ,7.25328849695
000046.SZ,7.23785286156
002254.SZ,7.20720137264
002370.SZ,7.19696192987
000576.SZ,7.16171308187
300196.SZ,7.08794489583
002411.SZ,7.07699041609
600303.SH,7.0667184616
002455.SZ,7.05863571416
300351.SZ,6.89005864328
600626.SH,6.85491067114
300291.SZ,6.82999085307
000728.SZ,6.82704019759
603198.SH,6.69828913786
300433.SZ,6.67532051978
600377.SH,6.61914853069
300201.SZ,6.59905854696
601375.SH,6.58825877855
002246.SZ,6.5655704402
603558.SH,6.52920041693
300486.SZ,6.46659927362
000858.SZ,6.44394989925
002468.SZ,6.3112790417
002571.SZ,6.29814331147
600372.SH,6.2908656732
002414.SZ,6.28946192888
002667.SZ,6.25551187949
002574.SZ,6.24464969729
600036.SH,6.21568837317
600716.SH,6.19173083613
000686.SZ,6.17708278878
002381.SZ,6.16569607833
600890.SH,6.09090909091
002686.SZ,6.08011271597
601607.SH,6.07819448912
000990.SZ,6.06294603774
603568.SH,6.04943306959
000631.SZ,6.03812704174
300230.SZ,6.03532878198
600398.SH,6.01979364128
000056.SZ,6.00361465926
000630.SZ,5.96127943931
000408.SZ,5.95473245137
300440.SZ,5.91456964831
300059.SZ,5.89545005057
002714.SZ,5.87985246158
300498.SZ,5.83834696611
000692.SZ,5.81818181818
300141.SZ,5.81629878261
002097.SZ,5.81577932442
300021.SZ,5.79343913948
601688.SH,5.785106395
002412.SZ,5.78231495238
603308.SH,5.78103464348
600605.SH,5.75182793334
002304.SZ,5.74985690681
600061.SH,5.70414597959
600343.SH,5.70043214727
300175.SZ,5.60714428235
300210.SZ,5.60465721832
300319.SZ,5.56228207556
300216.SZ,5.56135246344
601579.SH,5.49986406239
002255.SZ,5.4882085985
300459.SZ,5.47259307586
002306.SZ,5.47001343292
002456.SZ,5.44575387973
300014.SZ,5.39532780832
000713.SZ,5.37039216725
002926.SZ,5.35132074037
002429.SZ,5.34495580518
601166.SH,5.32695456504
600400.SH,5.32426049237
300192.SZ,5.31253065122
002383.SZ,5.30150262004
000543.SZ,5.30117344823
002039.SZ,5.2889036377
600685.SH,5.28700324035
002476.SZ,5.28596906181
000917.SZ,5.26916617517
000719.SZ,5.19960144796
000004.SZ,5.19875390971
603626.SH,5.19448134767
002503.SZ,5.19132741829
002213.SZ,5.16335086858
600039.SH,5.15213812262
002107.SZ,5.13508393652
300408.SZ,5.12901525837
600887.SH,5.09545506618
300487.SZ,5.06760677862
603711.SH,5.03909426684
603313.SH,5.03883378025
000018.SZ,5.02172324692
600435.SH,5.02136557512
002025.SZ,5.00072763678
601258.SH,4.93434354586
002269.SZ,4.91966033406
600385.SH,4.91126020732
002234.SZ,4.84295519324
002028.SZ,4.82852811046
002725.SZ,4.79495556028
600789.SH,4.77578951428
300418.SZ,4.76575474548
002803.SZ,4.76465860334
002325.SZ,4.74938864635
000012.SZ,4.74351901546
000989.SZ,4.70064607514
300513.SZ,4.69378502992
300589.SZ,4.65693132056
600269.SH,4.65531001412
002020.SZ,4.64254358169
603378.SH,4.58975843485
002195.SZ,4.58361231289
002105.SZ,4.57413741331
000333.SZ,4.57203632041
002573.SZ,4.56963139633
603006.SH,4.54929975982
002153.SZ,4.53233631771
603789.SH,4.52535238234
603377.SH,4.5247212374
600067.SH,4.51130661502
002300.SZ,4.50483793073
300013.SZ,4.5017203464
601857.SH,4.49447231516
603060.SH,4.49048958778
300288.SZ,4.48146695982
000589.SZ,4.45029530251
601989.SH,4.37775279836
002046.SZ,4.37537202878
603806.SH,4.36513997466
600050.SH,4.36511069356
600687.SH,4.35369979497
603328.SH,4.34259545402
002013.SZ,4.33362422908
002202.SZ,4.33048065638
600901.SH,4.31814250945
600766.SH,4.2845308554
000900.SZ,4.28191057665
002471.SZ,4.27382853907
002736.SZ,4.27116558142
002390.SZ,4.26433330824
600545.SH,4.25385617072
002342.SZ,4.24025094307
601009.SH,4.22061338701
600822.SH,4.20814983581
300179.SZ,4.180014472
600638.SH,4.15849924312
000030.SZ,4.15812644577
002293.SZ,4.15272109332
603608.SH,4.14920166684
000903.SZ,4.14854450643
002550.SZ,4.1098665735
603329.SH,4.10199901477
600232.SH,4.09264734085
600882.SH,4.08465463194
002613.SZ,4.07288997779
002486.SZ,4.06450733494
603808.SH,4.03566420833
300074.SZ,4.03451055023
000803.SZ,4.0
300261.SZ,3.98266604998
603861.SH,3.9758553318
600702.SH,3.95116472098
600026.SH,3.94141295744
300362.SZ,3.93434318362
300629.SZ,3.92768855577
600505.SH,3.87857099873
002742.SZ,3.87682200417
000721.SZ,3.87458996641
002258.SZ,3.85990718548
000090.SZ,3.83265235709
600027.SH,3.7800383291
000978.SZ,3.77075715733
300310.SZ,3.7687996687
002533.SZ,3.76755329985
603611.SH,3.76576604996
600184.SH,3.76236401309
000680.SZ,3.75798964231
603026.SH,3.75495463881
603996.SH,3.75038447395
600736.SH,3.73507157316
600438.SH,3.7284588208
600979.SH,3.72678638671
300130.SZ,3.72413676209
601106.SH,3.72124772272
002289.SZ,3.70943447492
601398.SH,3.69714140787
600201.SH,3.69236607425
002177.SZ,3.684176523
600674.SH,3.6735968103
600648.SH,3.6721791068
600532.SH,3.67149890862
002882.SZ,3.66677035135
601318.SH,3.66287096329
002186.SZ,3.65404929746
002689.SZ,3.65141916496
600327.SH,3.63760813335
601336.SH,3.63543276619
600999.SH,3.63421821875
600030.SH,3.63169046258
600054.SH,3.63082731706
300144.SZ,3.6299516564
601601.SH,3.61842202217
002578.SZ,3.61129280356
002592.SZ,3.60381367499
300268.SZ,3.5974319539
600781.SH,3.59430813508
000987.SZ,3.59033843086
600870.SH,3.58062708248
600246.SH,3.57498871443
300081.SZ,3.57239631428
600415.SH,3.55657202972
002712.SZ,3.55419936051
002035.SZ,3.54729141123
601377.SH,3.53798788252
002103.SZ,3.53570923003
002603.SZ,3.5343743186
002797.SZ,3.52555410901
002458.SZ,3.52327956615
600466.SH,3.51944193075
600060.SH,3.51249612321
002225.SZ,3.5082321183
601058.SH,3.49947054838
600487.SH,3.49167301474
603648.SH,3.47971698716
300083.SZ,3.46052654069
600769.SH,3.45023282082
002488.SZ,3.44020133929
300010.SZ,3.43702035824
002809.SZ,3.42947974749
000425.SZ,3.42475277636
601799.SH,3.4221680099
000538.SZ,3.42021427443
601288.SH,3.41637794182
300647.SZ,3.41409098829
300094.SZ,3.40300600542
600152.SH,3.40088976748
600836.SH,3.38397369629
600798.SH,3.38240039557
000552.SZ,3.37601922384
603698.SH,3.37387225045
000980.SZ,3.37315066483
600260.SH,3.36797124531
600082.SH,3.36714011633
002249.SZ,3.35514676165
000620.SZ,3.33563763234
300098.SZ,3.32825040417
300457.SZ,3.32768776941
600861.SH,3.32657601697
603183.SH,3.32172793299
002567.SZ,3.30890780385
002292.SZ,3.30887906602
002064.SZ,3.29427242972
600007.SH,3.28815565447
002751.SZ,3.28666396511
002796.SZ,3.28485041618
603609.SH,3.27946700136
002609.SZ,3.27638234223
600939.SH,3.26609445476
600233.SH,3.26421724716
000020.SZ,3.24613307252
000520.SZ,3.24058666317
600512.SH,3.23921121157
300403.SZ,3.23542636386
600462.SH,3.22238904744
000776.SZ,3.21838578091
002157.SZ,3.21699241419
600865.SH,3.21612348239
600215.SH,3.21559068118
002500.SZ,3.21265395947
300484.SZ,3.21187235176
600853.SH,3.2067412192
002236.SZ,3.20508339489
600095.SH,3.20171223682
601108.SH,3.19969993478
600689.SH,3.19910839728
600242.SH,3.19793291611
002169.SZ,3.1937345364
603345.SH,3.19336369799
002673.SZ,3.18869102679
000061.SZ,3.18459295853
002781.SZ,3.18296051832
601198.SH,3.18291331529
603856.SH,3.17900374675
002731.SZ,3.17635745213
002787.SZ,3.16948405534
601939.SH,3.1682108261
300527.SZ,3.16755181606
000413.SZ,3.16731761041
002766.SZ,3.16306663728
600150.SH,3.15411017042
300208.SZ,3.14769907038
600580.SH,3.14204244808
603100.SH,3.13850551021
002485.SZ,3.12849786887
002266.SZ,3.12706931789
600919.SH,3.12482693347
600297.SH,3.11558244993
603056.SH,3.10936228666
000920.SZ,3.10721171468
000877.SZ,3.10714888979
002711.SZ,3.10699313362
002618.SZ,3.09269135104
002323.SZ,3.09190143938
000595.SZ,3.08742317558
601212.SH,3.08281689742
002759.SZ,3.08247413613
300397.SZ,3.08052852116
002211.SZ,3.08047059224
600860.SH,3.07420509216
600735.SH,3.07388044277
300173.SZ,3.06509424959
600893.SH,3.06243553757
600104.SH,3.05688479594
000682.SZ,3.05667628416
600382.SH,3.04082401262
601028.SH,3.03142696294
601811.SH,3.02315777681
002324.SZ,3.02163874
300170.SZ,3.01760352506
002349.SZ,3.01180384528
603617.SH,3.00422390557
600234.SH,3.0
300458.SZ,2.99995927114
600779.SH,2.99944595902
300152.SZ,2.99759541273
600958.SH,2.99685067586
600499.SH,2.99680110378
600248.SH,2.98810176736
300528.SZ,2.98276853358
000799.SZ,2.98098362656
002540.SZ,2.97622353436
603718.SH,2.97228778866
000783.SZ,2.9720457856
600173.SH,2.96808957165
000963.SZ,2.96519557485
300124.SZ,2.96145755627
002352.SZ,2.96116180202
002773.SZ,2.94952837997
002183.SZ,2.93984553819
000612.SZ,2.93631449127
600128.SH,2.93354016884
002838.SZ,2.93333333333
600531.SH,2.91556139327
002544.SZ,2.91155913845
300627.SZ,2.90808675908
300657.SZ,2.90653549062
002154.SZ,2.90333991757
600809.SH,2.88036037496
000768.SZ,2.87911885776
002027.SZ,2.86458180284
000005.SZ,2.86288277139
002119.SZ,2.85861544005
600998.SH,2.85442883589
601555.SH,2.84597801628
601886.SH,2.84340690576
603398.SH,2.83918218262
002599.SZ,2.83866326208
300195.SZ,2.83275231354
002763.SZ,2.82947507181
000885.SZ,2.8276193368
601881.SH,2.8034616097
000869.SZ,2.80227166629
002628.SZ,2.79983116086
000403.SZ,2.79713343752
000998.SZ,2.79645635308
300601.SZ,2.79383467413
600316.SH,2.79378728347
300110.SZ,2.78898436117
600098.SH,2.78842343264
000687.SZ,2.7872283972
000099.SZ,2.77568261362
002192.SZ,2.77518213205
002461.SZ,2.77120210724
300277.SZ,2.76622579612
603222.SH,2.75211657614
002040.SZ,2.74894950396
600578.SH,2.7434182008
601969.SH,2.74187704936
600599.SH,2.73889355368
002921.SZ,2.73634085623
300341.SZ,2.72720874185
603355.SH,2.72573125078
002564.SZ,2.72305166162
603196.SH,2.72237658712
600909.SH,2.72201899202
300272.SZ,2.7207696414
000712.SZ,2.70253242719
600537.SH,2.6987779977
600498.SH,2.69700776349
300137.SZ,2.69446621863
000952.SZ,2.6856055211
002649.SZ,2.68508279331
603866.SH,2.67996842577
002762.SZ,2.6793879545
600478.SH,2.67938391232
002780.SZ,2.67606849905
300488.SZ,2.66603607217
600868.SH,2.66281406631
600018.SH,2.66110915228
002245.SZ,2.66019947157
002683.SZ,2.65970007293
600719.SH,2.64570215825
002553.SZ,2.6438294874
600227.SH,2.64305565117
002029.SZ,2.62839825495
002019.SZ,2.62716865301
002248.SZ,2.62384896124
600579.SH,2.618815096
300105.SZ,2.61674242434
002807.SZ,2.60795150315
002511.SZ,2.60405241675
600690.SH,2.60269190341
601882.SH,2.5837102752
002085.SZ,2.58014102307
300168.SZ,2.57940717031
603855.SH,2.57763983418
002367.SZ,2.57600495965
300003.SZ,2.56592447681
000068.SZ,2.56324286705
600577.SH,2.55686014932
002199.SZ,2.55611141033
603012.SH,2.54760687018
600222.SH,2.54380296464
000921.SZ,2.53643233146
000065.SZ,2.52865703722
002538.SZ,2.52858364939
002436.SZ,2.52770514009
601200.SH,2.515997626
000837.SZ,2.51564942795
000652.SZ,2.5013776948
002640.SZ,2.50100236775
603066.SH,2.50021424927
603668.SH,2.49764837564
300108.SZ,2.49393305721
603338.SH,2.49098258592
002644.SZ,2.48895948413
600555.SH,2.48280304405
600096.SH,2.48247430486
300654.SZ,2.47761966239
300112.SZ,2.47553097875
600731.SH,2.46929004756
603828.SH,2.46481761231
002761.SZ,2.46378529575
002630.SZ,2.45575071926
002513.SZ,2.45433721511
603031.SH,2.45031840602
600572.SH,2.44888595927
000762.SZ,2.44447035754
002888.SZ,2.439543055
002036.SZ,2.43439951575
002120.SZ,2.43389717357
600614.SH,2.43215731881
300392.SZ,2.42866291543
002438.SZ,2.42857142857
600363.SH,2.42187062245
002164.SZ,2.416376707
300438.SZ,2.4156414545
002734.SZ,2.41475470686
000088.SZ,2.41393642591
600479.SH,2.41284716207
002155.SZ,2.41282189678
600369.SH,2.41223415799
000513.SZ,2.41198897773
002417.SZ,2.41091202947
300461.SZ,2.40857167103
300073.SZ,2.4032567852
300122.SZ,2.4028075844
000756.SZ,2.40231250344
300384.SZ,2.40180181764
603669.SH,2.39542916065
600810.SH,2.39238156789
002212.SZ,2.39164162614
601878.SH,2.38802756423
002509.SZ,2.38525171403
000729.SZ,2.37720955053
600073.SH,2.3761476664
300164.SZ,2.37501437951
600493.SH,2.375
300404.SZ,2.37460853842
000498.SZ,2.37298902959
300407.SZ,2.37220121305
600270.SH,2.36876902573
600483.SH,2.36402687211
600196.SH,2.36348074234
300009.SZ,2.36238604663
600791.SH,2.36208394164
300335.SZ,2.35858048768
600837.SH,2.35703360161
603767.SH,2.35210985678
300472.SZ,2.35052914472
000619.SZ,2.34864093617
600729.SH,2.34515805995
300209.SZ,2.34424737733
600976.SH,2.34009229349
603979.SH,2.33765621639
600774.SH,2.33648678365
601328.SH,2.33543824553
002318.SZ,2.33529657512
300348.SZ,2.33409619916
603156.SH,2.33375006593
600859.SH,2.33188009315
002737.SZ,2.32802926892
002173.SZ,2.32799450994
300349.SZ,2.32768157566
601866.SH,2.32337070131
603368.SH,2.3230431266
600677.SH,2.31984233635
603258.SH,2.31639300588
600501.SH,2.31629311877
601996.SH,2.31293523944
601018.SH,2.30842949953
300076.SZ,2.30638570899
000659.SZ,2.30596675574
603111.SH,2.30577130674
600287.SH,2.29996882723
002298.SZ,2.29907407031
300244.SZ,2.29868453707
002698.SZ,2.2961654876
300295.SZ,2.29120021491
000155.SZ,2.28860650326
600894.SH,2.28843210841
600538.SH,2.28773804706
600617.SH,2.28759170288
600276.SH,2.2813132075
300365.SZ,2.27670091292
600897.SH,2.27458752159
603916.SH,2.2735340782
000739.SZ,2.2733881176
603020.SH,2.27108451158
603515.SH,2.26353328245
600109.SH,2.26175648552
300092.SZ,2.25566135605
002793.SZ,2.2504251491
000661.SZ,2.24873261798
300581.SZ,2.24632294845
600862.SH,2.24439500831
300202.SZ,2.24104041121
600835.SH,2.23796663855
603098.SH,2.23532139316
002903.SZ,2.23221501769
300476.SZ,2.23039058841
002799.SZ,2.22688670378
600302.SH,2.22488830571
600566.SH,2.22216604349
603958.SH,2.2190979239
002440.SZ,2.21716029965
002723.SZ,2.21447899821
002589.SZ,2.21424947754
603869.SH,2.20689655172
603323.SH,2.20111900714
603586.SH,2.19965628867
002633.SZ,2.19954779108
000407.SZ,2.1985040862
002535.SZ,2.19437374344
603363.SH,2.19427209815
000401.SZ,2.18474705585
600521.SH,2.18249165485
000848.SZ,2.17923342881
601326.SH,2.17566991854
000951.SZ,2.17386587251
300502.SZ,2.17233043465
603555.SH,2.17094173984
603899.SH,2.1686861366
600609.SH,2.16854219528
000507.SZ,2.16620521801
600795.SH,2.16584498282
002880.SZ,2.1631076701
002430.SZ,2.16232987558
000519.SZ,2.16127498453
600804.SH,2.15015284374
600996.SH,2.14784657217
300571.SZ,2.14734091731
300556.SZ,2.14570059467
600461.SH,2.14349586433
600199.SH,2.14228114391
002855.SZ,2.14047903128
002355.SZ,2.13925852001
002576.SZ,2.13892982465
300451.SZ,2.13072474739
603086.SH,2.12968303825
002193.SZ,2.12798155491
002181.SZ,2.12626344154
603197.SH,2.12595791316
000720.SZ,2.1253851586
600279.SH,2.11421543172
300336.SZ,2.11362504744
600854.SH,2.11325442584
300120.SZ,2.11295177183
603665.SH,2.11111111111
002148.SZ,2.10977318778
600973.SH,2.10966357932
002728.SZ,2.1038961735
300596.SZ,2.10346642782
601668.SH,2.10072990609
300138.SZ,2.09592108587
600965.SH,2.09559352973
300178.SZ,2.09535989334
300644.SZ,2.08992567416
600352.SH,2.08876027376
600816.SH,2.08854227053
600071.SH,2.08316803299
002294.SZ,2.0814175097
002404.SZ,2.07887664659
600528.SH,2.07329640189
601519.SH,2.07072060936
300669.SZ,2.06609653612
600416.SH,2.06224627942
600066.SH,2.0612570844
002740.SZ,2.05738818466
600612.SH,2.055156025
300721.SZ,2.05446827153
603578.SH,2.05364251512
600992.SH,2.05318168446
002542.SZ,2.04607670228
603778.SH,2.04553648762
300700.SZ,2.0430002096
300450.SZ,2.04268672474
603043.SH,2.04221571314
300679.SZ,2.0402526152
603319.SH,2.03944642856
002333.SZ,2.03891317562
600169.SH,2.03762058735
600288.SH,2.03465115458
300358.SZ,2.03205149295
600059.SH,2.02865960543
603616.SH,2.02688444122
002697.SZ,2.02594397713
601222.SH,2.02564968638
000563.SZ,2.02547779518
000045.SZ,2.02499918906
300448.SZ,2.02092071267
002672.SZ,2.02070770079
603320.SH,2.0205190933
300441.SZ,2.019869535
000790.SZ,2.01921951199
600207.SH,2.01757668193
002233.SZ,2.01729934624
600284.SH,2.01663745025
002399.SZ,2.0156606221
603883.SH,2.01550078886
002527.SZ,2.01528761
300308.SZ,2.01109507704
600600.SH,2.00728934307
002638.SZ,2.00584218205
300323.SZ,2.00377074138
300473.SZ,2.00355897136
601311.SH,2.00250310139
000839.SZ,2.0012465863
000889.SZ,2.00050278093
000862.SZ,2.0
002178.SZ,1.9978777177
300247.SZ,1.99690542989
600319.SH,1.9951123727
600873.SH,1.99419380353
000609.SZ,1.99316144858
600033.SH,1.99310382507
000738.SZ,1.99255453358
002828.SZ,1.99165724129
600114.SH,1.99124724429
603096.SH,1.99104399076
600129.SH,1.98992634189
600978.SH,1.98750076143
002389.SZ,1.98668703064
300132.SZ,1.98572827007
603268.SH,1.98273377403
600871.SH,1.97705983856
002050.SZ,1.97525136273
600820.SH,1.97203289823
603799.SH,1.97129090177
600707.SH,1.96740484307
300088.SZ,1.96568744234
002615.SZ,1.96428571429
600526.SH,1.9636198872
600848.SH,1.96180782016
300702.SZ,1.96165785677
002626.SZ,1.96155776218
000418.SZ,1.95583854678
601616.SH,1.95228733736
002906.SZ,1.95102806906
600763.SH,1.95003122566
002549.SZ,1.94987999239
000859.SZ,1.94693006401
300722.SZ,1.93866742689
600481.SH,1.93551756332
600365.SH,1.9332959149
603577.SH,1.93224401276
603712.SH,1.93170364664
002191.SZ,1.93155864908
603005.SH,1.93060838103
300199.SZ,1.92914863319
600391.SH,1.92681968077
600663.SH,1.92525260394
600559.SH,1.92238014302
600068.SH,1.92093794649
000908.SZ,1.92055084983
300553.SZ,1.91849169605
603131.SH,1.91784582801
600518.SH,1.91722063787
300696.SZ,1.91701086719
600311.SH,1.9166779135
300150.SZ,1.9164744048
600289.SH,1.9152748194
300467.SZ,1.91378457046
300044.SZ,1.91055665455
300143.SZ,1.91047906694
002297.SZ,1.90958909671
300249.SZ,1.90709025619
002620.SZ,1.90425233777
002189.SZ,1.90400440796
000988.SZ,1.90391762133
300200.SZ,1.90204162193
002076.SZ,1.90059492694
002732.SZ,1.89979263811
002840.SZ,1.89735886856
600455.SH,1.89665264632
600984.SH,1.8965696824
600630.SH,1.8940736251
002243.SZ,1.89177630239
603101.SH,1.88618067539
000550.SZ,1.88450037041
300557.SZ,1.88404886132
600821.SH,1.88131315784
002332.SZ,1.88014140947
000423.SZ,1.87723481674
300501.SZ,1.87498365796
002534.SZ,1.87247822051
603918.SH,1.87233786052
603388.SH,1.87209348502
000788.SZ,1.87008236405
600535.SH,1.86951024815
600877.SH,1.86792270876
300367.SZ,1.86566224502
000058.SZ,1.86557542121
002077.SZ,1.8654602376
300237.SZ,1.86453514736
002357.SZ,1.86142121468
603833.SH,1.86087884998
600876.SH,1.86044297609
000902.SZ,1.85641886871
000034.SZ,1.85548600674
002675.SZ,1.85505337286
002790.SZ,1.85432994097
600161.SH,1.85041980367
300558.SZ,1.8500983468
600522.SH,1.84873715314
002134.SZ,1.84615384615
002792.SZ,1.84517888497
603557.SH,1.84104756675
000695.SZ,1.84000960071
300263.SZ,1.83976610933
300156.SZ,1.83890755524
600823.SH,1.83877878199
600523.SH,1.83864252649
603429.SH,1.8368879929
603811.SH,1.83643243878
600392.SH,1.83634668269
603169.SH,1.83621399097
000755.SZ,1.83409576793
600693.SH,1.83144229254
002007.SZ,1.82739636637
600351.SH,1.82417592203
000702.SZ,1.82256680925
300711.SZ,1.82191005302
600378.SH,1.82152687537
603366.SH,1.82101278288
300607.SZ,1.8207460508
600711.SH,1.81981757678
002334.SZ,1.81856937462
002221.SZ,1.81848891828
002749.SZ,1.81793113483
603278.SH,1.81756378915
603518.SH,1.81753214361
002907.SZ,1.81695906377
000888.SZ,1.81658449744
300012.SZ,1.8153896075
002663.SZ,1.81518290511
002127.SZ,1.81254018318
300533.SZ,1.81246562721
600495.SH,1.81155267373
300518.SZ,1.8115101379
002696.SZ,1.81135671724
600884.SH,1.80672519804
300482.SZ,1.80624359339
002194.SZ,1.80154604857
300154.SZ,1.79937470295
601006.SH,1.79876627236
300676.SZ,1.79811076294
601126.SH,1.79743123208
600723.SH,1.79627258065
300602.SZ,1.79494395627
002859.SZ,1.79384959886
300267.SZ,1.79326032905
603990.SH,1.79310344828
300429.SZ,1.79297924685
600705.SH,1.79251985734
600373.SH,1.79084509432
000430.SZ,1.78780018931
000835.SZ,1.78306830277
002247.SZ,1.7827092505
300375.SZ,1.78169785178
002786.SZ,1.78074581491
000557.SZ,1.77971022827
603888.SH,1.77859502968
600698.SH,1.77837688829
600419.SH,1.7780231537
002366.SZ,1.77553558535
300401.SZ,1.77517023446
002339.SZ,1.76981944253
000985.SZ,1.76777298532
600097.SH,1.76586619091
603919.SH,1.76522962763
600265.SH,1.76432693701
300235.SZ,1.76423630175
600491.SH,1.76154470208
300622.SZ,1.76111835603
300101.SZ,1.75948378205
002032.SZ,1.75913301595
603017.SH,1.75818018367
600933.SH,1.75812113639
300651.SZ,1.75647383448
002065.SZ,1.75622524139
600511.SH,1.75371371146
002038.SZ,1.75010072466
000636.SZ,1.74913106398
002598.SZ,1.74752798012
002523.SZ,1.74584633172
300523.SZ,1.74511207428
002361.SZ,1.7435103878
603848.SH,1.74202200026
002851.SZ,1.73960231519
600666.SH,1.73920754076
002351.SZ,1.73902975822
000936.SZ,1.73856794202
300436.SZ,1.73259674814
601069.SH,1.73254729899
300222.SZ,1.73190362644
603658.SH,1.73012015665
603580.SH,1.72863916082
603003.SH,1.72779570563
600776.SH,1.7261633763
000815.SZ,1.72490624974
002758.SZ,1.72273362802
603085.SH,1.72231800923
300093.SZ,1.72229116444
002160.SZ,1.72187184008
603813.SH,1.7210417667
000009.SZ,1.72066089133
002009.SZ,1.72065674462
601998.SH,1.71954237369
603588.SH,1.7193309491
603969.SH,1.71883510542
603133.SH,1.71626206821
601678.SH,1.71532616052
000995.SZ,1.71503189134
603303.SH,1.71474827456
002557.SZ,1.71079188156
000797.SZ,1.70819436532
603607.SH,1.70717261069
002556.SZ,1.70678352117
002348.SZ,1.7058129579
300685.SZ,1.70154915682
603579.SH,1.7000981536
300508.SZ,1.69813812775
300434.SZ,1.69649140228
002614.SZ,1.69534779061
002463.SZ,1.69419017852
000555.SZ,1.69264749412
601099.SH,1.69043717469
002875.SZ,1.68964076
000982.SZ,1.68357521968
000617.SZ,1.68333509641
300205.SZ,1.68324895951
000567.SZ,1.68254503406
002622.SZ,1.68141252358
603801.SH,1.67962859206
002709.SZ,1.67741455856
002602.SZ,1.67473056486
600621.SH,1.67302794381
002385.SZ,1.66719130355
300615.SZ,1.66671887748
000558.SZ,1.66488304414
600037.SH,1.6637800962
002768.SZ,1.6619249723
600830.SH,1.66035378776
300302.SZ,1.6593341161
600619.SH,1.65787291616
603903.SH,1.6554517676
002930.SZ,1.65544964558
600990.SH,1.65478970692
000752.SZ,1.65177969012
000510.SZ,1.65140946279
603707.SH,1.65087073276
300539.SZ,1.64971580203
300194.SZ,1.64645498956
000070.SZ,1.64469427188
600229.SH,1.6433915969
300390.SZ,1.64292358472
300737.SZ,1.64283131345
603367.SH,1.64215829495
000878.SZ,1.63789771238
600652.SH,1.63672940059
002837.SZ,1.63663667732
600573.SH,1.63562283535
002422.SZ,1.63542937502
300648.SZ,1.63521433977
002669.SZ,1.63377305398
002519.SZ,1.6333858329
603444.SH,1.63322247098
300284.SZ,1.63310047427
002820.SZ,1.63177524808
002242.SZ,1.63065928188
603128.SH,1.62943187233
603618.SH,1.62830774802
300537.SZ,1.62781392902
600405.SH,1.62737595094
002727.SZ,1.62718975194
002521.SZ,1.62576933191
300342.SZ,1.62431463573
600388.SH,1.62382764951
600012.SH,1.62337221268
600767.SH,1.62245974289
002670.SZ,1.62229109288
002024.SZ,1.62092466562
300531.SZ,1.61908853052
002072.SZ,1.61907329556
002642.SZ,1.61836027662
002354.SZ,1.61670079378
002591.SZ,1.61663516836
601226.SH,1.6158966863
002092.SZ,1.61533984214
000750.SZ,1.6122300964
300529.SZ,1.61200948417
600590.SH,1.6100042176
600726.SH,1.60992066167
002026.SZ,1.60984152443
001965.SZ,1.609838256
002275.SZ,1.60640561122
300494.SZ,1.60524889895
603129.SH,1.60021849851
300265.SZ,1.59971130513
603725.SH,1.59893664347
300314.SZ,1.5973270793
000981.SZ,1.5960563114
002338.SZ,1.59592461352
600587.SH,1.59162316603
300111.SZ,1.5908320009
603179.SH,1.5907888885
002684.SZ,1.59052027923
600240.SH,1.58910357802
000505.SZ,1.58848220534
603506.SH,1.5858431536
603380.SH,1.58475095934
603358.SH,1.58334825663
002810.SZ,1.58134881517
603730.SH,1.57511058958
000710.SZ,1.57410038412
000019.SZ,1.57394092778
300698.SZ,1.5723485898
300718.SZ,1.57153911593
600695.SH,1.57142857143
603336.SH,1.57097762298
601777.SH,1.57065159338
603369.SH,1.56954303453
002812.SZ,1.56855039707
600183.SH,1.56670731427
000586.SZ,1.56647558105
002473.SZ,1.5652173913
002015.SZ,1.56367202004
000819.SZ,1.56317245897
002034.SZ,1.56297337918
300211.SZ,1.55820788366
000610.SZ,1.55803916224
600520.SH,1.55740100958
600132.SH,1.55463027024
600748.SH,1.55447516832
600093.SH,1.55419698941
002262.SZ,1.55388557925
000603.SZ,1.55144929003
603157.SH,1.5507273669
000026.SZ,1.54986285433
300543.SZ,1.54908215945
603858.SH,1.54877924212
300109.SZ,1.54773955313
300007.SZ,1.5472138382
300240.SZ,1.54707187153
300061.SZ,1.54688423755
600838.SH,1.54585700092
000909.SZ,1.54107281557
300167.SZ,1.54012916765
600436.SH,1.540008568
603365.SH,1.53856058885
002470.SZ,1.53831752219
000802.SZ,1.53691420402
603357.SH,1.53664548849
600428.SH,1.53198572291
603589.SH,1.5293566361
300444.SZ,1.5278702524
603118.SH,1.5251781741
300393.SZ,1.52451412958
002277.SZ,1.52439706741
300382.SZ,1.52431961763
600116.SH,1.52396008988
603178.SH,1.52374237109
300360.SZ,1.52338620089
600111.SH,1.5209992248
600230.SH,1.51966935668
002884.SZ,1.51879815826
002566.SZ,1.51855160274
002335.SZ,1.5166580133
000735.SZ,1.51480006086
002224.SZ,1.51454295206
002217.SZ,1.5143681626
600975.SH,1.51396787931
600420.SH,1.51067510785
002887.SZ,1.5097701429
002815.SZ,1.50842683858
603039.SH,1.50722280772
600195.SH,1.50699922359
300048.SZ,1.50570730635
603500.SH,1.50553771718
000551.SZ,1.50435825452
600519.SH,1.5039757869
002395.SZ,1.50355337651
600275.SH,1.50301185045
002307.SZ,1.50108329641
300023.SZ,1.50101601142
002377.SZ,1.50037666949
002479.SZ,1.49985688462
002817.SZ,1.49924608667
300091.SZ,1.49901540502
600851.SH,1.49724795748
002056.SZ,1.493830252
002484.SZ,1.492833252
600056.SH,1.49185278428
300719.SZ,1.4906289913
600675.SH,1.48927775692
002240.SZ,1.48881691005
000911.SZ,1.48771523635
000895.SZ,1.4875439015
300689.SZ,1.48649749566
601218.SH,1.48563091426
600367.SH,1.48508852283
600300.SH,1.48453932542
002018.SZ,1.48295049524
300125.SZ,1.48256425504
002777.SZ,1.48184153011
002317.SZ,1.4813241723
603909.SH,1.47619047619
603738.SH,1.47434639225
002069.SZ,1.47423944147
000882.SZ,1.47358836309
002170.SZ,1.47227381612
002382.SZ,1.4718413647
300591.SZ,1.46665283844
002125.SZ,1.46456751631
002001.SZ,1.4635555626
603456.SH,1.46273851572
300299.SZ,1.46184813139
000338.SZ,1.46156851525
002911.SZ,1.46061340135
002090.SZ,1.45921271046
000828.SZ,1.45886219058
002892.SZ,1.45854267992
603127.SH,1.45600759407
002755.SZ,1.45122577624
603986.SH,1.45010650566
600213.SH,1.44986277351
600439.SH,1.44874679321
603886.SH,1.4450478475
002327.SZ,1.44488630362
600509.SH,1.44483050572
603912.SH,1.44451677495
600370.SH,1.44444444444
002101.SZ,1.44363216303
300278.SZ,1.44153150805
600305.SH,1.44058101593
603660.SH,1.43866338023
600267.SH,1.43700159954
002677.SZ,1.43693150184
000928.SZ,1.43647333373
300424.SZ,1.43618477609
601199.SH,1.43582827707
300681.SZ,1.43383810376
600313.SH,1.43172676711
600200.SH,1.43069406871
000546.SZ,1.4289272151
300656.SZ,1.42561951506
002572.SZ,1.42503210386
603041.SH,1.42341203785
600623.SH,1.42331303458
601952.SH,1.42316164618
002688.SZ,1.42120120462
603787.SH,1.41667306903
603000.SH,1.41630277313
000028.SZ,1.41511382293
002845.SZ,1.41267639439
603123.SH,1.41210354491
300172.SZ,1.41173216423
600699.SH,1.41069371937
300032.SZ,1.41057404894
600613.SH,1.41033861742
002197.SZ,1.40885145859
002123.SZ,1.40870403328
603816.SH,1.40752673841
300439.SZ,1.40549401148
002428.SZ,1.40307384797
002499.SZ,1.40185017752
002043.SZ,1.40128512705
600908.SH,1.3982379587
603977.SH,1.39676684658
300097.SZ,1.39617258796
002253.SZ,1.39611622528
002285.SZ,1.39517093702
002629.SZ,1.39486191102
600259.SH,1.39420573404
600162.SH,1.39419464223
002161.SZ,1.39130827026
000813.SZ,1.39077157618
300653.SZ,1.38931961143
300447.SZ,1.38898877639
002657.SZ,1.38851515535
601107.SH,1.38825285692
002596.SZ,1.38812881445
000062.SZ,1.38786117393
000753.SZ,1.38781992537
600657.SH,1.38740378414
300024.SZ,1.38275373127
600988.SH,1.37454719312
300214.SZ,1.3745333537
603232.SH,1.37411102467
603556.SH,1.37364245257
600247.SH,1.37322325067
603860.SH,1.37264942714
300612.SZ,1.37124145036
000758.SZ,1.37071754459
300383.SZ,1.36793499324
300668.SZ,1.36756359743
002044.SZ,1.36710194905
603136.SH,1.36683334757
300354.SZ,1.36676249634
300163.SZ,1.3666838647
002692.SZ,1.36583823841
600691.SH,1.36345238867
603300.SH,1.36316786638
603126.SH,1.36236858188
300538.SZ,1.36086765516
002384.SZ,1.35925945488
002601.SZ,1.35820114289
002045.SZ,1.35819113658
300512.SZ,1.35743207731
601718.SH,1.35523133035
600315.SH,1.35475998623
300320.SZ,1.35386695276
002111.SZ,1.35338815729
300328.SZ,1.35220122353
000651.SZ,1.35186825617
300673.SZ,1.35167314256
603033.SH,1.35096608027
300063.SZ,1.35093377969
600575.SH,1.34962041277
600146.SH,1.34952590785
603989.SH,1.34908402663
002182.SZ,1.34774355278
002418.SZ,1.34773861832
603165.SH,1.3464489863
600961.SH,1.34577960365
600517.SH,1.34480122399
002900.SZ,1.34461598725
300066.SZ,1.34413750407
300380.SZ,1.3438496488
000979.SZ,1.34376827145
002244.SZ,1.34288393536
601233.SH,1.34133186918
300453.SZ,1.33986881436
000596.SZ,1.33909975457
000016.SZ,1.33868532475
603663.SH,1.33833783202
002501.SZ,1.33699737276
300396.SZ,1.33667335886
603896.SH,1.33524548388
600496.SH,1.33351744731
000715.SZ,1.33333333333
600771.SH,1.33149832762
601901.SH,1.33121954663
601116.SH,1.33017499281
002048.SZ,1.33010508026
600655.SH,1.32998173049
600936.SH,1.32927489854
601163.SH,1.32918292089
603527.SH,1.32831884038
601789.SH,1.32758459512
300736.SZ,1.32612268313
000700.SZ,1.32447355336
002465.SZ,1.32287146139
603881.SH,1.32163845739
002922.SZ,1.32007853979
601949.SH,1.31845067396
600475.SH,1.31826678876
002690.SZ,1.31467815505
000036.SZ,1.31363640709
600081.SH,1.31333488794
002118.SZ,1.31324066324
300129.SZ,1.3132405237
300047.SZ,1.3127881239
601086.SH,1.31248049971
603099.SH,1.31152422272
300116.SZ,1.31075380948
601968.SH,1.31045423522
600875.SH,1.30933619496
600125.SH,1.3076903403
002315.SZ,1.3074475074
002196.SZ,1.30720242016
600228.SH,1.30312697538
600773.SH,1.30288417314
000650.SZ,1.30288233243
600362.SH,1.30229886509
603283.SH,1.30224499766
002774.SZ,1.301662168
300135.SZ,1.30133981147
601008.SH,1.30108730026
002864.SZ,1.29822411258
000838.SZ,1.29739285618
603138.SH,1.29711611432
002776.SZ,1.29648842694
300430.SZ,1.296120422
300519.SZ,1.29560441014
603788.SH,1.29546553033
002808.SZ,1.29516378871
600004.SH,1.29466033901
603322.SH,1.29363068996
000633.SZ,1.2921038954
002396.SZ,1.29149955303
300394.SZ,1.29067598409
002286.SZ,1.29022127853
000999.SZ,1.29003472679
600597.SH,1.29000119101
603729.SH,1.28995407856
603800.SH,1.28949453535
300079.SZ,1.28792476898
000001.SZ,1.28468246012
600329.SH,1.28120032879
600867.SH,1.28001858105
300593.SZ,1.27977360399
300713.SZ,1.27711301481
600892.SH,1.27650433538
002117.SZ,1.27608978074
002074.SZ,1.27578038191
603726.SH,1.27473572008
002200.SZ,1.27422612524
600635.SH,1.27386020142
300572.SZ,1.27292871636
601899.SH,1.27245639344
603679.SH,1.26882600011
300510.SZ,1.26775516268
300253.SZ,1.26769970385
300606.SZ,1.26740126459
300347.SZ,1.26600991183
000727.SZ,1.26594383655
300496.SZ,1.26583132161
300427.SZ,1.26496348368
002343.SZ,1.26469206377
002365.SZ,1.26422316512
002378.SZ,1.26363351334
300389.SZ,1.26210479353
600346.SH,1.26144572655
002646.SZ,1.26047419625
603079.SH,1.26002127176
000623.SZ,1.25967003364
300667.SZ,1.25645909242
603010.SH,1.25622393942
600216.SH,1.25522313586
000875.SZ,1.25432082583
600489.SH,1.25387446926
600584.SH,1.25370052471
300517.SZ,1.25318609467
601088.SH,1.2529021632
002700.SZ,1.25234671784
000025.SZ,1.25221340133
002782.SZ,1.25179665972
300671.SZ,1.25148556888
002144.SZ,1.25047852337
600826.SH,1.24986372134
603286.SH,1.24695571731
600340.SH,1.24652121148
002171.SZ,1.24635788279
002878.SZ,1.24615941339
300678.SZ,1.24584056679
600283.SH,1.24564705736
002680.SZ,1.24457697777
000404.SZ,1.24445731963
601888.SH,1.24347855183
300435.SZ,1.24299653413
300309.SZ,1.24151401542
600187.SH,1.24149519718
603360.SH,1.24040039362
600070.SH,1.24003590492
002821.SZ,1.23888452643
002664.SZ,1.23857618211
300293.SZ,1.23704930152
300582.SZ,1.23438557759
600380.SH,1.23313936191
300064.SZ,1.23303567149
600728.SH,1.23219366363
300588.SZ,1.23205775361
002336.SZ,1.23194602414
603238.SH,1.23047581449
300550.SZ,1.2301759988
300532.SZ,1.2293325747
300463.SZ,1.22929804574
002822.SZ,1.22862396901
300376.SZ,1.22846423386
603598.SH,1.22833716923
000039.SZ,1.22785382056
601988.SH,1.22759084201
600738.SH,1.22681527526
603822.SH,1.22677483068
002653.SZ,1.22575910586
300379.SZ,1.22575290172
600640.SH,1.22536019858
603708.SH,1.22423252251
600028.SH,1.22299603116
002658.SZ,1.22259056208
603326.SH,1.22251155735
300054.SZ,1.2222912945
000615.SZ,1.22141771739
300103.SZ,1.22134048428
603688.SH,1.21997991309
600223.SH,1.21961123423
600969.SH,1.21951067531
300346.SZ,1.21902964044
002634.SZ,1.21794898078
002645.SZ,1.21779040621
600966.SH,1.21772996572
600143.SH,1.21725616161
603630.SH,1.21536978196
000679.SZ,1.21531554663
600038.SH,1.21469869795
601368.SH,1.21260114789
300645.SZ,1.21127422946
300165.SZ,1.20977452578
603277.SH,1.20724958404
300735.SZ,1.2069895293
603959.SH,1.20380730681
600063.SH,1.20300232671
000831.SZ,1.20253203313
002726.SZ,1.20245631096
300452.SZ,1.20090613944
603829.SH,1.19918874686
000777.SZ,1.1989882974
002656.SZ,1.19792489806
300552.SZ,1.19777037014
300228.SZ,1.19736969199
603926.SH,1.1972343387
300485.SZ,1.19650833219
600332.SH,1.19595913092
000697.SZ,1.19589579299
600009.SH,1.19406924872
002905.SZ,1.19244818832
002580.SZ,1.19158296674
603839.SH,1.19129185766
002424.SZ,1.19124068089
603103.SH,1.19069229404
603871.SH,1.18916524064
300114.SZ,1.18859498684
603922.SH,1.1883918105
002746.SZ,1.18779779191
000810.SZ,1.18735209106
600262.SH,1.1862248207
603499.SH,1.18620754986
300618.SZ,1.1861193123
600258.SH,1.1856970114
600570.SH,1.18499171432
600127.SH,1.18478990026
002806.SZ,1.18321859734
002392.SZ,1.18158988951
600025.SH,1.18120945261
600256.SH,1.18061554161
002491.SZ,1.18058349487
600576.SH,1.18034287697
603015.SH,1.18014615762
600608.SH,1.17982866335
603037.SH,1.17957391206
000962.SZ,1.17952131785
300567.SZ,1.17779873494
300036.SZ,1.177294972
000726.SZ,1.17723296692
600448.SH,1.17575379233
600459.SH,1.17467789589
603717.SH,1.17441288041
002588.SZ,1.17157879663
002273.SZ,1.1704228102
600530.SH,1.16966140162
002679.SZ,1.16778984938
600644.SH,1.16666666667
002459.SZ,1.16666666667
600317.SH,1.16642160692
603298.SH,1.1663688941
002824.SZ,1.16630511532
002121.SZ,1.16599757884
600307.SH,1.16566229832
600468.SH,1.1649283468
002478.SZ,1.16441059953
603331.SH,1.16367704249
000096.SZ,1.1636355258
000922.SZ,1.16227740892
002748.SZ,1.16136081846
601137.SH,1.16094128263
002775.SZ,1.16079433535
300693.SZ,1.16063543063
002852.SZ,1.15895923092
300406.SZ,1.15882431872
002510.SZ,1.15797071967
300705.SZ,1.1578946841
002223.SZ,1.15685934644
002497.SZ,1.15649453648
300271.SZ,1.15638455354
601111.SH,1.15552886728
300474.SZ,1.15318482866
600563.SH,1.15135630762
603337.SH,1.15065945942
002091.SZ,1.15055298727
300633.SZ,1.15025495038
002375.SZ,1.14870043243
002017.SZ,1.14801724424
300422.SZ,1.14779287461
600785.SH,1.14778032531
600325.SH,1.14726565411
002858.SZ,1.14668707982
002552.SZ,1.14654376985
603955.SH,1.14624544954
600135.SH,1.14579003181
002058.SZ,1.1446966831
603200.SH,1.14439804918
002674.SZ,1.1440895031
000627.SZ,1.13997534868
600818.SH,1.13904279143
002843.SZ,1.13763953478
002899.SZ,1.13759138061
300136.SZ,1.13740213246
600336.SH,1.13725584476
603081.SH,1.13681554797
601010.SH,1.1361813466
300443.SZ,1.13544365231
600020.SH,1.13542250408
000970.SZ,1.13367386978
002536.SZ,1.13334113412
300221.SZ,1.13324430778
002187.SZ,1.13313271111
603817.SH,1.13256205421
002406.SZ,1.13236939563
300025.SZ,1.1316357013
300613.SZ,1.12904709406
002651.SZ,1.12896446207
600178.SH,1.12825634395
600243.SH,1.12804969715
300106.SZ,1.12786096741
000419.SZ,1.12637791468
601216.SH,1.12480774145
601127.SH,1.12438982644
300296.SZ,1.12401768335
002522.SZ,1.12283519463
002477.SZ,1.12233358251
300530.SZ,1.12183506011
300312.SZ,1.12167073556
002350.SZ,1.12011764175
600929.SH,1.1187119296
300587.SZ,1.11862139877
300493.SZ,1.11839135228
002079.SZ,1.11837223274
000820.SZ,1.11810341616
603001.SH,1.11753899166
002791.SZ,1.11722711407
600426.SH,1.11665170538
300584.SZ,1.11591444971
300033.SZ,1.11571928593
000937.SZ,1.11512121456
300619.SZ,1.11508506768
300318.SZ,1.11507777876
603768.SH,1.11294683908
300303.SZ,1.11202459811
603936.SH,1.11128237931
600155.SH,1.11022449702
600714.SH,1.10881859888
600360.SH,1.10861261049
600839.SH,1.10722552558
600480.SH,1.10702655846
600418.SH,1.10647475114
300628.SZ,1.10362908908
300169.SZ,1.10303876036
002703.SZ,1.10175874962
300495.SZ,1.10152518203
300254.SZ,1.1000790344
002847.SZ,1.09973651569
603517.SH,1.09968951849
002616.SZ,1.09915706471
002919.SZ,1.09856367302
300251.SZ,1.09734793545
300526.SZ,1.09675182054
002708.SZ,1.09661009294
600429.SH,1.09579608272
601011.SH,1.09283310525
603116.SH,1.09189538422
300052.SZ,1.09118253184
601567.SH,1.09027345662
603612.SH,1.0901230389
300504.SZ,1.09010557111
300551.SZ,1.08937930346
002435.SZ,1.08849999093
300449.SZ,1.08842939509
300710.SZ,1.08813868263
600881.SH,1.0877203565
300311.SZ,1.08745131619
300547.SZ,1.085587354
300663.SZ,1.08514571156
002080.SZ,1.08270280296
300600.SZ,1.08218617349
300631.SZ,1.08203476299
000676.SZ,1.08151433734
600642.SH,1.08137020221
002785.SZ,1.0810367326
300002.SZ,1.07939868165
002531.SZ,1.07925093186
002095.SZ,1.07919321046
002811.SZ,1.07760966446
603686.SH,1.07549907779
000582.SZ,1.07537654784
000856.SZ,1.07474770945
000032.SZ,1.07390677164
603166.SH,1.07359244015
603421.SH,1.07317412567
000049.SZ,1.07216536454
000688.SZ,1.07092103631
603938.SH,1.07020641098
600330.SH,1.07007081015
600157.SH,1.06996539153
600326.SH,1.06962726489
603970.SH,1.06873246082
603776.SH,1.06831585012
603895.SH,1.06791617917
002305.SZ,1.06747899473
002604.SZ,1.06717670868
002877.SZ,1.06673566019
603080.SH,1.06609474778
002405.SZ,1.06565150289
300565.SZ,1.06454489384
002054.SZ,1.06251772995
603536.SH,1.06251555146
000997.SZ,1.06231407779
002033.SZ,1.06156181994
300695.SZ,1.05923191573
002876.SZ,1.05920897711
002314.SZ,1.05917919388
300008.SZ,1.05787434965
000301.SZ,1.05785423678
300548.SZ,1.0571981263
603180.SH,1.05700126003
600661.SH,1.05622356331
300624.SZ,1.05609572004
002443.SZ,1.05567518023
600562.SH,1.05545051154
002207.SZ,1.05308121167
002507.SZ,1.05288055151
603716.SH,1.05260199109
300067.SZ,1.05216826576
300241.SZ,1.0516415213
002409.SZ,1.05161710449
300541.SZ,1.05076031166
002345.SZ,1.05070698848
300726.SZ,1.04999100852
300419.SZ,1.04889693434
000795.SZ,1.04854254882
600970.SH,1.04847806789
601228.SH,1.04791455938
603603.SH,1.04758001867
300583.SZ,1.04746743884
002237.SZ,1.04715184293
600163.SH,1.04711248735
600101.SH,1.04639586214
000798.SZ,1.0463435423
000553.SZ,1.04582300691
600171.SH,1.04566775695
002109.SZ,1.04553889142
600558.SH,1.04529798505
600683.SH,1.04388588488
603316.SH,1.04242615214
603239.SH,1.04222520292
000613.SZ,1.04206010743
603987.SH,1.04115895033
603416.SH,1.04068917392
000501.SZ,1.03988291999
601101.SH,1.03987508417
300004.SZ,1.03919254325
002302.SZ,1.03851175804
300691.SZ,1.03835586934
300001.SZ,1.03763108461
300481.SZ,1.03632847197
000590.SZ,1.03606840918
002715.SZ,1.03498155215
002276.SZ,1.0345995144
002850.SZ,1.03361194438
603963.SH,1.03344120414
603757.SH,1.03236866057
002313.SZ,1.03065946288
000420.SZ,1.03012232028
600857.SH,1.03003719117
600271.SH,1.02863391263
300576.SZ,1.02820764693
300038.SZ,1.02579875215
603999.SH,1.0255572886
000037.SZ,1.02536472013
002296.SZ,1.02465654168
603496.SH,1.02073046709
600765.SH,1.01962453821
600261.SH,1.01925210195
600833.SH,1.0182126392
300368.SZ,1.01705464951
300445.SZ,1.01626237766
002179.SZ,1.01600073359
002605.SZ,1.01473718721
603966.SH,1.01469197165
000598.SZ,1.01260552187
300642.SZ,1.01253588143
300617.SZ,1.01220276817
000923.SZ,1.01162111867
300410.SZ,1.01137631363
601928.SH,1.011177744
300274.SZ,1.01092881562
000521.SZ,1.00994104045
300637.SZ,1.00993876066
603639.SH,1.00869534441
000732.SZ,1.00865393681
300204.SZ,1.00714696945
300239.SZ,1.0071039028
600710.SH,1.00679433953
603389.SH,1.00673739844
002753.SZ,1.00660883835
603035.SH,1.00653214974
600797.SH,1.00560411042
603359.SH,1.00552960855
002220.SZ,1.00538898478
002453.SZ,1.00522583997
600141.SH,1.0049955683
300381.SZ,1.00480057442
000876.SZ,1.0046760543
002241.SZ,1.00414872605
300499.SZ,1.00389788564
600879.SH,1.00342382774
601211.SH,1.00237982145
300123.SZ,1.00181290384
300665.SZ,1.00120417963
600549.SH,1.00104530754
000953.SZ,1.0006382731
603937.SH,1.0004445525
600463.SH,1.0
300630.SZ,0.999864152955
603879.SH,0.999301262202
300428.SZ,0.998322901402
002229.SZ,0.998037571688
002264.SZ,0.997955284781
600660.SH,0.997803691818
300289.SZ,0.996829595203
601800.SH,0.996629167515
300134.SZ,0.996056956927
300516.SZ,0.995959085116
600708.SH,0.995356172818
300686.SZ,0.995023330846
300100.SZ,0.99486502443
000850.SZ,0.99483921234
002730.SZ,0.994245557763
300652.SZ,0.993380245318
000525.SZ,0.993281915566
603063.SH,0.993115851705
300180.SZ,0.992299744462
603203.SH,0.991595930974
600694.SH,0.991264941328
603709.SH,0.991148544919
000811.SZ,0.9909506089
002372.SZ,0.989173237904
601169.SH,0.989156295632
300706.SZ,0.989108971838
002425.SZ,0.988253806063
300374.SZ,0.988214151458
002506.SZ,0.987866778371
000918.SZ,0.987662725332
601808.SH,0.986910416159
002526.SZ,0.986801600391
600756.SH,0.986416337912
002897.SZ,0.985595842323
603106.SH,0.985173610893
002890.SZ,0.985142526227
300546.SZ,0.984724548538
601016.SH,0.984637749816
300620.SZ,0.98416089389
601919.SH,0.983210650978
603233.SH,0.982347450097
002757.SZ,0.982294152209
300233.SZ,0.981697919485
600153.SH,0.980949899962
002643.SZ,0.980802627646
600739.SH,0.980460186507
600888.SH,0.979638343385
600845.SH,0.979452025335
000938.SZ,0.979128477613
300661.SZ,0.979020898251
000524.SZ,0.978976377635
600017.SH,0.978493144972
002801.SZ,0.978482142733
002827.SZ,0.978401119602
002093.SZ,0.976247305319
300019.SZ,0.976128898134
603113.SH,0.975983084796
000901.SZ,0.973997910183
002694.SZ,0.973771693171
603619.SH,0.973426487453
000581.SZ,0.973240164177
603208.SH,0.973211708038
300191.SZ,0.971611654623
600872.SH,0.971174658201
300015.SZ,0.971164975757
603199.SH,0.970901407002
002010.SZ,0.970893433282
300399.SZ,0.970708621235
002879.SZ,0.97053026887
603177.SH,0.970488644122
002151.SZ,0.969853423829
002901.SZ,0.969298927218
603028.SH,0.968384300058
603976.SH,0.96829921205
603906.SH,0.966453099392
002885.SZ,0.96607576101
603055.SH,0.965710192595
600903.SH,0.965459432455
603385.SH,0.965295387139
300075.SZ,0.965140643788
603016.SH,0.964282284623
300506.SZ,0.963585755931
600320.SH,0.963457680147
601388.SH,0.963429162564
000905.SZ,0.962433686655
300189.SZ,0.962239711236
300334.SZ,0.961317310808
300298.SZ,0.96096233854
603396.SH,0.960229614345
300684.SZ,0.960047030936
603042.SH,0.959358185521
600768.SH,0.959286668809
600251.SH,0.956355706572
300682.SZ,0.956018560579
300554.SZ,0.955239457848
300479.SZ,0.955117717132
002848.SZ,0.954631441927
002912.SZ,0.954190489118
300521.SZ,0.953214810281
603139.SH,0.952769988167
002081.SZ,0.952607854834
002400.SZ,0.952357523941
000930.SZ,0.951518437848
300555.SZ,0.95116162127
002868.SZ,0.95003720398
300471.SZ,0.949831107411
600793.SH,0.949456102404
002608.SZ,0.948569653612
300326.SZ,0.948556966365
002705.SZ,0.947885729353
000625.SZ,0.947299623089
600292.SH,0.946384539701
300723.SZ,0.94580393136
300353.SZ,0.945674790403
300598.SZ,0.945593498775
002353.SZ,0.945261840547
002281.SZ,0.945213030683
600085.SH,0.94486201567
002222.SZ,0.94449501831
000731.SZ,0.944258538705
600618.SH,0.944150891454
603528.SH,0.94321157665
002832.SZ,0.942850443225
300666.SZ,0.942762959197
300717.SZ,0.941957923252
000531.SZ,0.941176470588
603882.SH,0.940499571787
300300.SZ,0.940370830102
000767.SZ,0.940162935252
002158.SZ,0.939578457674
300421.SZ,0.939324620296
000639.SZ,0.939015228692
600667.SH,0.938603799114
000040.SZ,0.938579356881
002575.SZ,0.938221298236
001696.SZ,0.937239148657
601689.SH,0.937008704007
603878.SH,0.936992185903
600594.SH,0.936521608886
603901.SH,0.936050019809
002146.SZ,0.935074967201
300692.SZ,0.933562833203
600410.SH,0.933468835992
600354.SH,0.932514232807
002898.SZ,0.93248551082
002368.SZ,0.932334003219
002765.SZ,0.932237239162
603383.SH,0.931599491365
002611.SZ,0.931571891927
000816.SZ,0.931522620608
600130.SH,0.931518706293
002280.SZ,0.931379431168
603696.SH,0.931194943396
600486.SH,0.931053200701
002735.SZ,0.931034482759
600743.SH,0.930931237309
600662.SH,0.930596812139
600898.SH,0.930071733248
002261.SZ,0.928909804889
002489.SZ,0.926962654602
002137.SZ,0.926760602153
002319.SZ,0.925925925926
002402.SZ,0.925556310518
300456.SZ,0.924807128918
300475.SZ,0.924446926681
000906.SZ,0.924439450739
600359.SH,0.923801757318
300039.SZ,0.923718570363
000705.SZ,0.92133929988
002818.SZ,0.921289773136
600874.SH,0.920877247825
603027.SH,0.920517752996
300378.SZ,0.919703879598
300638.SZ,0.919458551204
300223.SZ,0.919244869055
002678.SZ,0.917324324504
002863.SZ,0.916806957992
000830.SZ,0.9167273587
002883.SZ,0.916483262134
600172.SH,0.915763607917
000716.SZ,0.914158398079
002862.SZ,0.91405691313
300542.SZ,0.913620062913
603018.SH,0.913308223439
603038.SH,0.913297721247
300065.SZ,0.913230620924
300016.SZ,0.913054439247
300330.SZ,0.912854213787
002889.SZ,0.912683965072
002842.SZ,0.912298354348
600460.SH,0.910526574058
300636.SZ,0.90992894298
603160.SH,0.909706235374
601231.SH,0.909436937262
600250.SH,0.907769764691
002287.SZ,0.906851800035
000628.SZ,0.906444983346
300297.SZ,0.906256344719
002756.SZ,0.905647692903
603229.SH,0.905548894717
600981.SH,0.905184823952
603605.SH,0.904753276308
002290.SZ,0.90469392796
002873.SZ,0.904349751886
002190.SZ,0.904013071981
300658.SZ,0.902330751683
002929.SZ,0.901186746479
603339.SH,0.900856191162
601186.SH,0.90084701973
300559.SZ,0.900522240615
600107.SH,0.90009714315
300037.SZ,0.900043430039
000561.SZ,0.898462071822
603819.SH,0.898032389246
002073.SZ,0.897876273367
002701.SZ,0.897531807261
300703.SZ,0.897267348014
002836.SZ,0.896001287773
603078.SH,0.895661579262
600827.SH,0.895375552963
600812.SH,0.895228510498
002362.SZ,0.894972708282
000818.SZ,0.891934846419
600210.SH,0.89188804939
600477.SH,0.891449161404
300026.SZ,0.891342249252
600029.SH,0.889869205113
600980.SH,0.889860865875
002623.SZ,0.889762362013
000958.SZ,0.889030027375
603309.SH,0.888218990118
300281.SZ,0.888037269074
603516.SH,0.887758533097
002681.SZ,0.887059229931
300344.SZ,0.886845046088
002492.SZ,0.884130143919
600238.SH,0.883832627825
601997.SH,0.883285809899
300126.SZ,0.882087780296
002129.SZ,0.881093263762
600180.SH,0.88080166991
002135.SZ,0.880562987435
001896.SZ,0.879953217856
002141.SZ,0.879560731689
600079.SH,0.879047939
002813.SZ,0.87901572495
600298.SH,0.878902007304
603214.SH,0.87865145869
300149.SZ,0.87855302683
300107.SZ,0.878058918788
300377.SZ,0.877951398149
000822.SZ,0.877678399527
002718.SZ,0.877542099544
600982.SH,0.876556273003
600339.SH,0.87646545623
600055.SH,0.876092622266
002250.SZ,0.875729297134
600633.SH,0.875016652425
002910.SZ,0.874697806656
000488.SZ,0.874568608344
000544.SZ,0.873077009765
601788.SH,0.87300116232
002835.SZ,0.87266240973
002925.SZ,0.87240982419
002446.SZ,0.871815069478
300082.SZ,0.871716659535
603721.SH,0.870494781739
300500.SZ,0.870091095604
000011.SZ,0.869550874984
300492.SZ,0.869076377327
300560.SZ,0.86885715322
002363.SZ,0.868775549795
600500.SH,0.868324528809
300625.SZ,0.868027490429
600706.SH,0.867581922652
002130.SZ,0.867542663409
300220.SZ,0.867066566659
002016.SZ,0.866837446539
300034.SZ,0.866831950075
300413.SZ,0.866799298757
600886.SH,0.866513779062
300664.SZ,0.8652944578
603676.SH,0.86506281539
002397.SZ,0.863917739464
002788.SZ,0.863778794309
600106.SH,0.863051329609
300597.SZ,0.86268632758
603036.SH,0.861793797415
600353.SH,0.860898022577
600831.SH,0.860195971094
300386.SZ,0.859187386696
600841.SH,0.858932586902
600697.SH,0.858230361888
000600.SZ,0.858054587964
002585.SZ,0.857464495719
002695.SZ,0.856456090504
000806.SZ,0.856356128617
300507.SZ,0.856201666277
300027.SZ,0.855730001342
300632.SZ,0.855701229212
300331.SZ,0.854785268065
300096.SZ,0.854384180692
002208.SZ,0.854246207015
300215.SZ,0.854168380104
300224.SZ,0.854005705574
600569.SH,0.853645771224
002767.SZ,0.853484604823
600637.SH,0.852852443608
002682.SZ,0.852644485771
300155.SZ,0.852148058652
601100.SH,0.851440565347
600149.SH,0.851174241445
300084.SZ,0.850625964527
600160.SH,0.850107771369
002582.SZ,0.850068707615
600295.SH,0.850051575178
002227.SZ,0.847420980537
002849.SZ,0.847016040018
002691.SZ,0.846205969607
002030.SZ,0.845585018508
002891.SZ,0.845142786988
600425.SH,0.844899764585
000665.SZ,0.844125965071
002923.SZ,0.844076902788
000800.SZ,0.843594644862
002928.SZ,0.843577348059
002502.SZ,0.843063733345
002860.SZ,0.843035570729
002823.SZ,0.84278818673
603269.SH,0.842495744881
002729.SZ,0.842021332783
300579.SZ,0.841515602006
600156.SH,0.840909090909
600987.SH,0.839772613032
002159.SZ,0.839689492278
600285.SH,0.839587706533
000809.SZ,0.837837837838
300573.SZ,0.837590598514
603680.SH,0.837002699836
600266.SH,0.836553223428
300218.SZ,0.836379316403
300285.SZ,0.836197550937
603809.SH,0.835060919409
600078.SH,0.834398394288
600782.SH,0.83437411066
300236.SZ,0.833267906742
300442.SZ,0.831380423508
300709.SZ,0.831360226757
601628.SH,0.828990032795
600571.SH,0.827890108699
300720.SZ,0.82776214607
000868.SZ,0.827422975334
000915.SZ,0.82708239566
002041.SZ,0.826814693459
603920.SH,0.826516912752
601992.SH,0.826382758917
603859.SH,0.82630760279
002403.SZ,0.82451230036
300245.SZ,0.824424763676
000887.SZ,0.823708042904
002231.SZ,0.823665294989
603628.SH,0.823125550949
600960.SH,0.82260556315
603266.SH,0.82246086547
603887.SH,0.822385125445
002624.SZ,0.821835293146
002445.SZ,0.821672252179
300005.SZ,0.821583283292
300659.SZ,0.821460547695
000006.SZ,0.820416010748
603656.SH,0.819972930417
603050.SH,0.8188486162
600883.SH,0.818268672381
300227.SZ,0.81806333482
600502.SH,0.817731289624
300140.SZ,0.817030050208
002543.SZ,0.816280383561
002096.SZ,0.816046256745
600310.SH,0.815688054098
603535.SH,0.815641521815
600746.SH,0.8147156915
002635.SZ,0.814089871871
300712.SZ,0.814056170025
603069.SH,0.813722909082
603007.SH,0.813317353527
002661.SZ,0.813082089813
600993.SH,0.811556820904
000681.SZ,0.810972932873
000421.SZ,0.809681216704
002023.SZ,0.809419053968
300599.SZ,0.808546110819
601798.SH,0.808097347812
601518.SH,0.807343332475
300725.SZ,0.806937851201
002881.SZ,0.806761188729
600211.SH,0.806010003322
300313.SZ,0.805829105268
002581.SZ,0.805736025545
000955.SZ,0.805455759127
600744.SH,0.805247056802
002826.SZ,0.804562688402
002593.SZ,0.804257069953
002462.SZ,0.804207608505
002857.SZ,0.804170938993
002893.SZ,0.804095483034
000977.SZ,0.802896719752
600650.SH,0.802395863973
600889.SH,0.802210317569
002516.SZ,0.801535211372
603933.SH,0.80153183957
000532.SZ,0.801149499733
601001.SH,0.800449771084
002376.SZ,0.799884180453
603288.SH,0.799173879823
600120.SH,0.798320723584
603637.SH,0.797675479257
603305.SH,0.797628100132
300707.SZ,0.797527224105
002008.SZ,0.797489483878
300715.SZ,0.796987158004
002271.SZ,0.796558499782
300184.SZ,0.795685441671
000565.SZ,0.795561722264
300634.SZ,0.795520196774
600760.SH,0.794986847251
002068.SZ,0.793079389866
600197.SH,0.792989311915
300177.SZ,0.79248709925
603019.SH,0.791991791549
603991.SH,0.791530039889
300294.SZ,0.791311520334
600503.SH,0.791168051572
300677.SZ,0.7906474284
603655.SH,0.790481781001
002568.SZ,0.790232874959
000151.SZ,0.789683542823
300357.SZ,0.789237873212
603387.SH,0.789105961032
002474.SZ,0.788933219944
300688.SZ,0.788694106944
000637.SZ,0.788145070888
600452.SH,0.786950659558
300153.SZ,0.786766446191
300206.SZ,0.785896603165
300077.SZ,0.785740476198
603701.SH,0.78526652731
002444.SZ,0.784931453962
300623.SZ,0.784317057117
002802.SZ,0.783689446838
002441.SZ,0.783514485994
600062.SH,0.783271210902
601858.SH,0.782273027439
300332.SZ,0.781241103302
603029.SH,0.780138476933
600817.SH,0.779625838554
300030.SZ,0.778671026576
000932.SZ,0.778482933444
000411.SZ,0.777977118904
300234.SZ,0.77624599827
603928.SH,0.775890892568
600467.SH,0.775822029868
300040.SZ,0.775696591167
603599.SH,0.77468140182
002493.SZ,0.774599737202
300611.SZ,0.77452125912
002722.SZ,0.774482826454
002467.SZ,0.773305769105
603585.SH,0.773243413927
603168.SH,0.77287480452
600722.SH,0.772665242498
600540.SH,0.771800249106
600547.SH,0.771528671814
002805.SZ,0.770816414545
600581.SH,0.770583658174
000973.SZ,0.769945972148
603218.SH,0.769744773615
600077.SH,0.768051894681
300405.SZ,0.76607657174
300605.SZ,0.763567432486
603159.SH,0.763055368485
300505.SZ,0.762838208896
300511.SZ,0.762344884069
000792.SZ,0.761998483396
600117.SH,0.761825071337
300592.SZ,0.76129507217
600182.SH,0.761150987405
300151.SZ,0.760481728781
300425.SZ,0.759539907531
600280.SH,0.759493201224
300282.SZ,0.759479636526
300301.SZ,0.75880014589
300415.SZ,0.758646186768
002449.SZ,0.757491983705
300480.SZ,0.756662594815
600585.SH,0.756619737204
002927.SZ,0.755444830912
300489.SZ,0.755320336321
603088.SH,0.755200934127
603877.SH,0.754165605508
601985.SH,0.754158941678
002612.SZ,0.75343992802
002012.SZ,0.752869753854
000533.SZ,0.752706947312
002330.SZ,0.752585261769
000718.SZ,0.752561486978
300514.SZ,0.751686986291
603533.SH,0.751552953963
300660.SZ,0.75119555919
000534.SZ,0.751155469818
600855.SH,0.750730198409
002913.SZ,0.75034778871
300536.SZ,0.750101846883
002846.SZ,0.749384114917
002469.SZ,0.74912506571
601002.SH,0.748986718308
002203.SZ,0.748593253106
000014.SZ,0.74850778681
603779.SH,0.748203034271
002216.SZ,0.747625424161
002423.SZ,0.746759443841
601611.SH,0.746393666338
300455.SZ,0.746247109242
603727.SH,0.745022564677
000663.SZ,0.744862552663
300621.SZ,0.744311343069
300042.SZ,0.74358974359
600345.SH,0.743332751849
002326.SZ,0.742796254835
600869.SH,0.742363472124
000778.SZ,0.742092313043
603505.SH,0.741463840324
603677.SH,0.741081611121
002518.SZ,0.740586746709
000573.SZ,0.739564329142
300160.SZ,0.738802173131
300595.SZ,0.737144756028
600557.SH,0.736665723194
300099.SZ,0.736604310804
002561.SZ,0.735967979963
002201.SZ,0.735101890783
002783.SZ,0.734019393108
600348.SH,0.733678529253
002088.SZ,0.732534681336
300316.SZ,0.732099600818
300590.SZ,0.730239083326
002172.SZ,0.728945683726
603226.SH,0.728838392088
300469.SZ,0.728255389979
300364.SZ,0.728024881882
002380.SZ,0.726444851432
300562.SZ,0.725901545406
603466.SH,0.72588585741
603356.SH,0.72463702125
300727.SZ,0.724502900371
002590.SZ,0.723783176653
300017.SZ,0.72316962337
300279.SZ,0.72311433667
600551.SH,0.722930778977
000548.SZ,0.722914882937
300252.SZ,0.722768277547
300697.SZ,0.722586003252
002760.SZ,0.722344267695
000529.SZ,0.721339556915
601595.SH,0.721308872905
300256.SZ,0.720934609212
300142.SZ,0.720247698985
000159.SZ,0.719910702597
600328.SH,0.719813258115
600926.SH,0.719008717074
600718.SH,0.71864186599
600598.SH,0.716206501415
300635.SZ,0.715598166938
601890.SH,0.715562756758
300432.SZ,0.714716794487
002829.SZ,0.714678039236
300503.SZ,0.713631903188
600803.SH,0.713420259283
002140.SZ,0.711935549107
300569.SZ,0.71140515353
000725.SZ,0.710672997188
300608.SZ,0.709505206035
300275.SZ,0.70889235242
002706.SZ,0.708875495411
000626.SZ,0.706975285686
600620.SH,0.705351007787
600219.SH,0.705197358566
000545.SZ,0.705003918644
300738.SZ,0.704866194981
002856.SZ,0.704059468754
000591.SZ,0.703172543525
000722.SZ,0.703056397408
000021.SZ,0.701817562172
300699.SZ,0.700479029345
600366.SH,0.700019273924
300127.SZ,0.699569054462
002006.SZ,0.697066379953
002299.SZ,0.696483203354
000656.SZ,0.696407504647
600805.SH,0.696238073525
300337.SZ,0.696061183583
600622.SH,0.695084493848
300031.SZ,0.69508335151
600089.SH,0.693472101814
002772.SZ,0.692480525517
300568.SZ,0.692401406589
600552.SH,0.691973613695
600586.SH,0.691953118552
600166.SH,0.690468116798
600422.SH,0.690260082457
002587.SZ,0.69008736046
002168.SZ,0.689019793744
600962.SH,0.688639633726
300231.SZ,0.688532912477
603386.SH,0.688176686898
300242.SZ,0.68778446789
002167.SZ,0.687630503779
002771.SZ,0.687208350516
000919.SZ,0.685881501144
601117.SH,0.6853229349
000833.SZ,0.685160260702
600825.SH,0.683159945594
000601.SZ,0.682934345959
603683.SH,0.6826215228
300058.SZ,0.682090977536
002800.SZ,0.681773206484
000503.SZ,0.68149461522
300609.SZ,0.679997416106
300212.SZ,0.678758875344
300366.SZ,0.678756140388
002432.SZ,0.677741537392
600008.SH,0.677610726267
002312.SZ,0.677487800358
300414.SZ,0.677340740831
600021.SH,0.676832684747
002505.SZ,0.676096667943
603960.SH,0.675601461976
000698.SZ,0.675454873002
600717.SH,0.673323402331
603458.SH,0.673145739199
300446.SZ,0.673095881337
601828.SH,0.6728434808
603826.SH,0.672002058195
603615.SH,0.672000449109
000599.SZ,0.671919620572
603985.SH,0.67114201234
000860.SZ,0.671007126024
600361.SH,0.670823022136
002871.SZ,0.67050995788
002401.SZ,0.670445167674
600606.SH,0.668277139773
600390.SH,0.66792350799
300639.SZ,0.667370215768
601908.SH,0.667310974003
603777.SH,0.665981169523
300370.SZ,0.665848972176
000926.SZ,0.665519272207
300327.SZ,0.664704627577
300264.SZ,0.663387498729
000622.SZ,0.66328071905
002100.SZ,0.663084853194
600624.SH,0.663045342166
002569.SZ,0.662069423223
603333.SH,0.660806174957
600636.SH,0.66074279183
603567.SH,0.660741757003
600628.SH,0.659883183545
002738.SZ,0.659789111418
002713.SZ,0.659653744065
300604.SZ,0.659457772705
002166.SZ,0.659053359475
601880.SH,0.658721779035
600713.SH,0.658585425516
601700.SH,0.657364666125
300610.SZ,0.65721518447
600556.SH,0.657158797798
002150.SZ,0.656911774865
300739.SZ,0.656844600778
603067.SH,0.656816069937
603040.SH,0.656270690337
600527.SH,0.655651616323
000801.SZ,0.654791482114
002917.SZ,0.654062874543
300046.SZ,0.654008807405
300616.SZ,0.654006448968
000607.SZ,0.653503168954
300057.SZ,0.653183546458
600536.SH,0.652586221977
002371.SZ,0.652399041184
002230.SZ,0.652395500245
000968.SZ,0.65156932034
600727.SH,0.651389101924
300549.SZ,0.650562055611
600301.SH,0.650534699359
603823.SH,0.648423661454
300649.SZ,0.648095166336
002831.SZ,0.645939731584
300260.SZ,0.643940976203
300687.SZ,0.643431308583
300412.SZ,0.64272774973
601098.SH,0.641584769064
600075.SH,0.641491629641
000890.SZ,0.641126832135
002393.SZ,0.640333525152
603898.SH,0.639679900298
002693.SZ,0.639028688342
300051.SZ,0.638280887886
002867.SZ,0.638059140049
000605.SZ,0.637839613688
002825.SZ,0.637036272696
300525.SZ,0.635639212482
600108.SH,0.63556307293
002559.SZ,0.634968374849
300585.SZ,0.634774080748
000662.SZ,0.634387668054
002869.SZ,0.633851579383
002308.SZ,0.633773823036
300029.SZ,0.633688493964
600206.SH,0.632225668772
300566.SZ,0.631923213151
603335.SH,0.631663504451
603968.SH,0.631160513367
300286.SZ,0.62990266095
000929.SZ,0.62972776935
300477.SZ,0.62955077074
000670.SZ,0.629529284534
002156.SZ,0.628420172221
300246.SZ,0.628406806786
300045.SZ,0.628182728578
002563.SZ,0.627746102712
601933.SH,0.627596383605
300650.SZ,0.627128347353
002541.SZ,0.626707155218
002861.SZ,0.626575137236
600543.SH,0.626098807705
603978.SH,0.625990012688
600281.SH,0.625895709187
600051.SH,0.625554461185
000530.SZ,0.625363351925
002047.SZ,0.625118348125
002215.SZ,0.624286521809
000050.SZ,0.623086678557
600792.SH,0.622585515608
300509.SZ,0.622567569266
300304.SZ,0.622493854896
002104.SZ,0.621915971829
603488.SH,0.621158064602
601618.SH,0.620821871574
603021.SH,0.620506317599
600596.SH,0.620315233276
601366.SH,0.619177955828
600476.SH,0.61808793953
002551.SZ,0.618028501786
601958.SH,0.6177678239
603722.SH,0.616770311092
002322.SZ,0.616417267852
600192.SH,0.616015095789
000570.SZ,0.615992427085
603117.SH,0.615869687854
600273.SH,0.614504506034
603993.SH,0.614142089883
601208.SH,0.613866043765
000829.SZ,0.613698919315
600470.SH,0.612769978324
000925.SZ,0.612747049507
600456.SH,0.612517495338
603089.SH,0.61230671873
600824.SH,0.612222192785
601717.SH,0.611556490659
002743.SZ,0.611167363875
002420.SZ,0.611027470652
600721.SH,0.610632670049
600997.SH,0.610343480476
300078.SZ,0.610095641969
000655.SZ,0.608777092757
000897.SZ,0.608300048777
300171.SZ,0.607905671794
000010.SZ,0.607892204711
603797.SH,0.607461059236
002662.SZ,0.605956870927
002232.SZ,0.605851574417
603929.SH,0.605447015504
600963.SH,0.60525480938
600272.SH,0.604319813306
000759.SZ,0.602922162417
600321.SH,0.602211140817
600977.SH,0.601846006848
002419.SZ,0.601726172738
600529.SH,0.601658967833
300535.SZ,0.601524750026
300338.SZ,0.601319700188
002162.SZ,0.601160711005
600684.SH,0.601105601569
002022.SZ,0.599234903269
603076.SH,0.599205397625
600387.SH,0.599072265501
601019.SH,0.597972752955
000668.SZ,0.596311901789
600525.SH,0.595603403367
300043.SZ,0.594968721494
300147.SZ,0.5943298982
002136.SZ,0.593492135782
600058.SH,0.593447699664
600679.SH,0.5934041276
300145.SZ,0.592072506542
603260.SH,0.591968785786
002267.SZ,0.591205242538
300213.SZ,0.590927446246
300534.SZ,0.590845351465
002283.SZ,0.590807078266
300257.SZ,0.590734523382
603090.SH,0.590234553031
600080.SH,0.589881448017
300729.SZ,0.58896488497
300626.SZ,0.588953092417
002329.SZ,0.588722277168
600681.SH,0.588330242193
600337.SH,0.588198176329
603186.SH,0.587840580398
603011.SH,0.587481986265
600715.SH,0.586066524731
002918.SZ,0.58452786881
600593.SH,0.584385961161
002920.SZ,0.583980051683
002116.SZ,0.583189170936
300708.SZ,0.581133538625
600198.SH,0.580616291789
300307.SZ,0.580287608086
603559.SH,0.579555090397
000023.SZ,0.578960265158
002112.SZ,0.578860403511
002149.SZ,0.578343313626
300522.SZ,0.577207418659
600446.SH,0.577169185188
300641.SZ,0.57710958898
002394.SZ,0.575076816361
002830.SZ,0.574552836628
002896.SZ,0.573741293918
603519.SH,0.57353829152
601177.SH,0.573173151281
002625.SZ,0.571749712441
002279.SZ,0.571112375026
600740.SH,0.569772998606
600967.SH,0.568062261173
002916.SZ,0.567173016461
002078.SZ,0.56627357371
000416.SZ,0.565848989297
000514.SZ,0.564791453539
300398.SZ,0.564581063551
002490.SZ,0.563422349637
601015.SH,0.56293551001
000851.SZ,0.560988445631
300716.SZ,0.560945412896
603189.SH,0.560104908546
000736.SZ,0.56
600444.SH,0.559288129284
000150.SZ,0.559073093949
603228.SH,0.558827904017
002886.SZ,0.55675610514
603299.SH,0.555669758481
601929.SH,0.555384336177
600375.SH,0.554894127808
600458.SH,0.553453127091
601600.SH,0.553301564295
600971.SH,0.553216375275
600469.SH,0.553043953044
002057.SZ,0.552520033347
300119.SZ,0.551221923806
002282.SZ,0.551111874658
002795.SZ,0.550873033356
300655.SZ,0.550676350011
002816.SZ,0.550640610173
300388.SZ,0.550180922372
300085.SZ,0.548834006574
002660.SZ,0.548092763908
300675.SZ,0.546630471267
002235.SZ,0.545881088669
002577.SZ,0.545746700642
300161.SZ,0.545182473559
000948.SZ,0.544649076347
002483.SZ,0.544491554369
002747.SZ,0.544093983446
000821.SZ,0.543964300068
000585.SZ,0.543569377514
600333.SH,0.543524485222
603685.SH,0.543000608717
300662.SZ,0.54189280291
601900.SH,0.541179016819
600712.SH,0.541018851482
002055.SZ,0.540404421922
603161.SH,0.540029346643
300203.SZ,0.5398420364
002364.SZ,0.539682539683
600015.SH,0.539638493373
601588.SH,0.539547006029
000402.SZ,0.538592890978
002184.SZ,0.538197450587
002037.SZ,0.537919751327
300409.SZ,0.535679254219
603025.SH,0.535298639542
601113.SH,0.534790668283
300478.SZ,0.534527754835
300701.SZ,0.533671092097
002124.SZ,0.533483187174
300470.SZ,0.533272592592
300575.SZ,0.531667189154
603507.SH,0.531210309414
300465.SZ,0.530560374001
600885.SH,0.530520750582
300373.SZ,0.529620468416
000031.SZ,0.529153062992
600225.SH,0.529057698956
600730.SH,0.528501018267
002733.SZ,0.527851193024
002063.SZ,0.527611684047
603980.SH,0.527224534997
603601.SH,0.526255917519
300570.SZ,0.525951210754
300226.SZ,0.525733018567
002594.SZ,0.524543527633
600790.SH,0.524090147846
300115.SZ,0.524008558625
300733.SZ,0.522507664997
000677.SZ,0.521673998106
600757.SH,0.521630538575
002619.SZ,0.519416867242
000517.SZ,0.519310226549
600119.SH,0.519265019083
300387.SZ,0.519235570152
300166.SZ,0.51917960142
002346.SZ,0.51898187762
600560.SH,0.518962161128
002452.SZ,0.518562690235
000400.SZ,0.518550310415
000528.SZ,0.517966131042
002328.SZ,0.51639920393
600159.SH,0.515900624469
603059.SH,0.515755856741
600151.SH,0.515604874489
002632.SZ,0.514987635511
600299.SH,0.514529950002
000757.SZ,0.512944603065
002579.SZ,0.512937383574
603321.SH,0.512185938256
603330.SH,0.5113231621
002870.SZ,0.511256947169
600072.SH,0.51122475476
600088.SH,0.510914641175
601966.SH,0.510499953409
000935.SZ,0.508931227787
002865.SZ,0.508659162234
000886.SZ,0.508258842246
600137.SH,0.507095346179
300466.SZ,0.506282090533
600583.SH,0.506255486143
002205.SZ,0.503362290058
300183.SZ,0.503139194748
000708.SZ,0.502084878323
300460.SZ,0.501721855921
002654.SZ,0.501411694256
002546.SZ,0.500153183002
300563.SZ,0.499521563701
300355.SZ,0.498466017481
601360.SH,0.498331723256
601515.SH,0.498325186651
002265.SZ,0.497957940255
603890.SH,0.497919321614
600053.SH,0.497756604938
600720.SH,0.497200122689
002126.SZ,0.496615843084
300417.SZ,0.496470933374
002340.SZ,0.494990016439
000504.SZ,0.493762833918
600355.SH,0.492861777684
603227.SH,0.492648525276
603998.SH,0.49243436035
002719.SZ,0.492220719311
002909.SZ,0.491250815155
300035.SZ,0.490686897651
300305.SZ,0.490648703717
002083.SZ,0.489605817191
600629.SH,0.489098955093
300340.SZ,0.488936673938
600863.SH,0.488690995636
600834.SH,0.488372093023
600846.SH,0.487393929798
000685.SZ,0.487076681554
002284.SZ,0.486353385886
300395.SZ,0.485600784075
000008.SZ,0.48425555305
603393.SH,0.484107783144
300053.SZ,0.483303835303
600755.SH,0.483044210561
002331.SZ,0.482845104194
300578.SZ,0.482780119747
603737.SH,0.480707418696
002061.SZ,0.479305985897
600588.SH,0.478796623093
600016.SH,0.478190084997
603399.SH,0.477940440422
002180.SZ,0.477074709376
002472.SZ,0.476998779326
002908.SZ,0.476619401482
603661.SH,0.476326935727
600449.SH,0.475812905123
600482.SH,0.475403061228
600057.SH,0.474379958655
002291.SZ,0.474244276399
000971.SZ,0.472821678026
300369.SZ,0.472717179032
002003.SZ,0.472666458301
600237.SH,0.471944129897
600202.SH,0.471275760859
000153.SZ,0.47082302348
000861.SZ,0.46991254806
002014.SZ,0.469477952517
603703.SH,0.469240682822
600802.SH,0.468929791371
300050.SZ,0.468892827083
603569.SH,0.468748493629
002415.SZ,0.468049346209
600257.SH,0.467865862832
300113.SZ,0.464880439525
600668.SH,0.464664039823
600895.SH,0.464508590968
603223.SH,0.464376409737
600647.SH,0.46413159326
002066.SZ,0.46163623495
600389.SH,0.461186115265
002067.SZ,0.460850281949
300148.SZ,0.459552182506
603917.SH,0.459289552755
600099.SH,0.458648098191
000410.SZ,0.457456314556
000554.SZ,0.457384794161
601801.SH,0.457333377689
002042.SZ,0.456675059597
300416.SZ,0.45622388166
000959.SZ,0.455768568547
603002.SH,0.454172356024
600592.SH,0.453733553611
600278.SH,0.452831119463
300356.SZ,0.452554184636
600847.SH,0.45204450842
600191.SH,0.451910525495
600218.SH,0.451222109929
300068.SZ,0.451190650292
603311.SH,0.451007494354
000927.SZ,0.450909843979
300006.SZ,0.450440064499
300102.SZ,0.450082661477
600858.SH,0.449206699866
600113.SH,0.447765100818
600433.SH,0.44775668872
300306.SZ,0.44704220642
002745.SZ,0.446266816696
600604.SH,0.445690962248
300468.SZ,0.444904259576
300056.SZ,0.443934360494
603083.SH,0.443424750714
000965.SZ,0.442842506922
600550.SH,0.439268539982
300250.SZ,0.438497418295
300095.SZ,0.437510259346
002214.SZ,0.435572174029
300520.SZ,0.434668011581
601500.SH,0.434550904476
002752.SZ,0.434396396725
600231.SH,0.434078516517
600220.SH,0.433281713978
000826.SZ,0.432943873308
300577.SZ,0.432322421811
603477.SH,0.431742587232
600589.SH,0.431142230937
600770.SH,0.430620625043
600308.SH,0.430178691219
600069.SH,0.429005672818
002133.SZ,0.428951079481
300730.SZ,0.4287914259
300159.SZ,0.427988417243
300055.SZ,0.42777267546
002086.SZ,0.426969776456
300515.SZ,0.426858052144
300139.SZ,0.425796127365
000683.SZ,0.425632429371
002655.SZ,0.424460184242
600031.SH,0.424206350067
300333.SZ,0.423703012603
600595.SH,0.419402757682
002398.SZ,0.418666749951
601999.SH,0.418457334958
603181.SH,0.418256955199
600131.SH,0.417448700696
600000.SH,0.41729250237
600742.SH,0.416653642687
300028.SZ,0.415041892985
600331.SH,0.414834963191
002238.SZ,0.414334795432
002175.SZ,0.414074850367
000157.SZ,0.413292569432
000996.SZ,0.411631117254
002347.SZ,0.411587823306
601608.SH,0.409710553277
002049.SZ,0.408659339713
002570.SZ,0.407435906941
002597.SZ,0.40735556274
000893.SZ,0.407063067957
300181.SZ,0.406338289084
600356.SH,0.405660377358
002320.SZ,0.40472523625
002528.SZ,0.404659968627
600208.SH,0.402781303116
002344.SZ,0.40276044993
603032.SH,0.401918332326
000863.SZ,0.40174379611
600801.SH,0.401681773786
600815.SH,0.401550846532
002741.SZ,0.401196824787
300262.SZ,0.396067176772
300580.SZ,0.395937052508
002139.SZ,0.39541685329
000709.SZ,0.394835340457
600754.SH,0.394472620131
600602.SH,0.394209281179
000760.SZ,0.391658576377
603595.SH,0.391472032058
000960.SZ,0.389228800664
000807.SZ,0.388940940524
002648.SZ,0.388684526895
600112.SH,0.386348797639
300741.SZ,0.385642155489
002373.SZ,0.385409440036
000007.SZ,0.384860087244
600995.SH,0.38395243721
300121.SZ,0.383807324908
300020.SZ,0.383214229221
300545.SZ,0.382346624863
600516.SH,0.381678679875
603678.SH,0.381509768024
600747.SH,0.380900239849
600100.SH,0.379814703991
002165.SZ,0.37940310675
002410.SZ,0.379131049103
300352.SZ,0.377402566117
002379.SZ,0.376873703729
300690.SZ,0.375600635409
002902.SZ,0.375514597264
600368.SH,0.373750521914
000913.SZ,0.37343577908
000417.SZ,0.373168813164
300258.SZ,0.372401813255
002798.SZ,0.371545863854
600725.SH,0.371430858258
300087.SZ,0.371428571429
002685.SZ,0.371146556478
600686.SH,0.370504477557
300276.SZ,0.370073900647
000608.SZ,0.369784525389
000635.SZ,0.369183760221
002530.SZ,0.369056773217
000066.SZ,0.368383781892
002595.SZ,0.367855644082
002114.SZ,0.366013653316
300321.SZ,0.363023062812
600539.SH,0.36052495004
300343.SZ,0.359351898456
603988.SH,0.359126709873
600829.SH,0.358501614975
002895.SZ,0.357851815719
002439.SZ,0.357200679775
600383.SH,0.356306747819
603110.SH,0.355842046465
600409.SH,0.355761856433
600064.SH,0.353763247166
002915.SZ,0.348631913011
600115.SH,0.348336946584
603022.SH,0.347826086957
600168.SH,0.346782617893
002460.SZ,0.346047696695
002408.SZ,0.345331192031
300273.SZ,0.344343112077
000852.SZ,0.341708600644
600105.SH,0.341597348808
000910.SZ,0.341501450467
000782.SZ,0.341102147561
002031.SZ,0.340937401907
603008.SH,0.340537019342
002052.SZ,0.339730765104
603306.SH,0.338716315315
300385.SZ,0.335293195997
603659.SH,0.335083165784
000672.SZ,0.335019886927
000789.SZ,0.335011516258
000966.SZ,0.333245004343
601000.SH,0.331871996547
002198.SZ,0.331480335453
000059.SZ,0.330172538265
002841.SZ,0.329644675661
002539.SZ,0.329582624842
600035.SH,0.327133760528
600177.SH,0.326264835563
300322.SZ,0.324959013103
002779.SZ,0.324412415561
300158.SZ,0.323988570111
603638.SH,0.323437270605
002341.SZ,0.323346332205
002547.SZ,0.323334129432
002833.SZ,0.320608924073
000539.SZ,0.320257480082
600665.SH,0.318278288726
002495.SZ,0.318173808413
600917.SH,0.317648064311
002174.SZ,0.317643573976
603289.SH,0.31728277475
000957.SZ,0.315886510804
603900.SH,0.315703577785
000737.SZ,0.31431823498
000993.SZ,0.313762048635
002724.SZ,0.313283031076
002631.SZ,0.311378607672
600611.SH,0.311312314361
603667.SH,0.310344827586
000701.SZ,0.30783691308
000667.SZ,0.307637755242
002448.SZ,0.306637760636
000536.SZ,0.306130638243
002433.SZ,0.302384614497
600386.SH,0.301639196081
002606.SZ,0.301303391762
002131.SZ,0.299891563508
300462.SZ,0.299838066522
002106.SZ,0.299480619939
601558.SH,0.299050265249
002621.SZ,0.298702995028
000027.SZ,0.298624741957
600190.SH,0.298243294462
601619.SH,0.296218899542
603689.SH,0.295655126406
600408.SH,0.295411068925
002717.SZ,0.290148891934
300269.SZ,0.290000951935
002228.SZ,0.289696979209
600170.SH,0.289519440158
600083.SH,0.289308150734
601599.SH,0.288853323856
002218.SZ,0.288106093198
601666.SH,0.287911377347
002386.SZ,0.286511474962
300069.SZ,0.284572472309
002087.SZ,0.283883226411
600011.SH,0.283333397916
600639.SH,0.282360039014
300420.SZ,0.282288329183
300176.SZ,0.282081448207
002853.SZ,0.281943858601
603225.SH,0.280855975824
601566.SH,0.278942412809
603803.SH,0.278580095349
002416.SZ,0.277194788903
600268.SH,0.277078410403
002789.SZ,0.276081607193
002750.SZ,0.275539816387
300259.SZ,0.275155434561
002487.SZ,0.274381576054
603633.SH,0.272251881795
300325.SZ,0.271943294597
600749.SH,0.269230769231
601818.SH,0.268332843863
600692.SH,0.26692216467
600819.SH,0.265097695915
002537.SZ,0.259973577348
000516.SZ,0.259464343278
000572.SZ,0.258398111399
002004.SZ,0.258323785042
001979.SZ,0.257937841676
600616.SH,0.257105061121
600397.SH,0.25701607286
600123.SH,0.256675059155
002554.SZ,0.256657320811
000961.SZ,0.255014841212
002517.SZ,0.254342366126
601139.SH,0.252919265607
600561.SH,0.251700522111
000069.SZ,0.251007528665
603766.SH,0.249728729233
002176.SZ,0.24759158484
000055.SZ,0.244982723331
000823.SZ,0.244340486605
002374.SZ,0.24430894813
000043.SZ,0.244116735687
000428.SZ,0.243868972365
603868.SH,0.242588491442
002316.SZ,0.242162884484
600688.SH,0.241921948548
002128.SZ,0.241913495001
600139.SH,0.241794144422
600533.SH,0.241010068002
600775.SH,0.240341641563
300190.SZ,0.239960902608
000571.SZ,0.239807036785
603058.SH,0.238251094558
603798.SH,0.237269430542
603699.SH,0.236397488499
300437.SZ,0.23618707552
600312.SH,0.235482365125
600651.SH,0.232144167017
002610.SZ,0.231457633951
600986.SH,0.2301170335
000751.SZ,0.229795684047
300497.SZ,0.229783040987
000733.SZ,0.229334472369
600010.SH,0.228825826665
300104.SZ,0.227127972751
002421.SZ,0.226196853643
600787.SH,0.224260841264
300243.SZ,0.223636291956
000690.SZ,0.222198673577
600176.SH,0.222192891958
600732.SH,0.220916003246
600306.SH,0.220912158627
600235.SH,0.220061905773
000560.SZ,0.219911678674
002545.SZ,0.219664047713
300329.SZ,0.218032801312
600236.SH,0.217258082357
603728.SH,0.216996374672
000780.SZ,0.214482567911
300371.SZ,0.213960776596
000933.SZ,0.212439793308
600565.SH,0.211615876446
000678.SZ,0.211361493015
601872.SH,0.211026881497
000881.SZ,0.211015398427
002209.SZ,0.210129940302
300117.SZ,0.20975785508
002494.SZ,0.209558317831
300283.SZ,0.208225611622
600983.SH,0.206031731558
601339.SH,0.205976240669
300402.SZ,0.205323186155
603885.SH,0.203379944556
000976.SZ,0.202113080976
002188.SZ,0.201378038712
600649.SH,0.20064544265
300740.SZ,0.199580559652
603889.SH,0.199467524918
300041.SZ,0.197849233506
300255.SZ,0.195869406122
002204.SZ,0.194959026738
600671.SH,0.190749505051
300174.SZ,0.189904167206
300018.SZ,0.189898258165
002337.SZ,0.186708823915
600186.SH,0.18605897834
002185.SZ,0.185180844063
600497.SH,0.184705571446
601168.SH,0.184226037927
300207.SZ,0.183681625535
002627.SZ,0.181320527763
002132.SZ,0.181138379544
601003.SH,0.180971071426
601965.SH,0.17916594193
603030.SH,0.178450899214
002457.SZ,0.178418794152
002272.SZ,0.178188213718
600322.SH,0.176995673747
603158.SH,0.175438596491
300400.SZ,0.173828389789
002666.SZ,0.172141181
600074.SH,0.171572363622
300359.SZ,0.17112943003
000975.SZ,0.170799350984
600567.SH,0.170180443294
000786.SZ,0.168260197841
300640.SZ,0.166270781091
000426.SZ,0.165755157052
300232.SZ,0.164921406135
002142.SZ,0.164871212746
002496.SZ,0.164309501785
000060.SZ,0.159822246755
600664.SH,0.158664378384
600704.SH,0.157885691364
300182.SZ,0.157878776392
000836.SZ,0.157598212191
000880.SZ,0.156424581006
601898.SH,0.153796555521
600814.SH,0.153024984735
600603.SH,0.152788631813
000717.SZ,0.15264700544
000969.SZ,0.151634555025
600488.SH,0.151413753408
002274.SZ,0.150135950226
002586.SZ,0.149429035275
000547.SZ,0.149160438547
000638.SZ,0.148763685436
601179.SH,0.147203367056
000597.SZ,0.145771041425
000559.SZ,0.145350549876
000657.SZ,0.145138855718
600403.SH,0.145095772978
600828.SH,0.144584754832
600006.SH,0.144443700786
000761.SZ,0.144344225387
002454.SZ,0.144068888956
600193.SH,0.143909444976
002508.SZ,0.143765598749
002652.SZ,0.142857142857
600985.SH,0.142370482693
300426.SZ,0.141547377508
000632.SZ,0.138911160308
600654.SH,0.13815434209
600376.SH,0.136514173146
002668.SZ,0.13459234238
002071.SZ,0.133666077182
600209.SH,0.130146072439
300391.SZ,0.129183402005
600023.SH,0.127831690619
601633.SH,0.127474368324
600582.SH,0.127228234479
603600.SH,0.126632986386
600126.SH,0.126558066649
000785.SZ,0.126340114237
600761.SH,0.125725784758
601636.SH,0.125136179065
600507.SH,0.124574143753
600758.SH,0.124489121419
002391.SZ,0.12158773811
601333.SH,0.119995538842
002163.SZ,0.119668744107
002671.SZ,0.117715017574
000422.SZ,0.115009732047
300423.SZ,0.114765228049
600808.SH,0.112833211243
603023.SH,0.111608738546
002115.SZ,0.111464847297
300157.SZ,0.110643587246
000002.SZ,0.110214373148
300287.SZ,0.11010618152
600696.SH,0.107307384624
002110.SZ,0.106887778189
000537.SZ,0.106300089484
600381.SH,0.105746692487
600358.SH,0.105494257826
600615.SH,0.105258020465
300070.SZ,0.104762379125
601038.SH,0.102852774822
600778.SH,0.102597918622
002387.SZ,0.102318441773
000707.SZ,0.101888169117
000983.SZ,0.101821065957
600091.SH,0.1
600395.SH,0.098988387785
600379.SH,0.0975609756098
002152.SZ,0.0952447825853
002702.SZ,0.0921421728263
600291.SH,0.0918428057733
002295.SZ,0.0916620569128
600185.SH,0.087594161492
600780.SH,0.0872403246439
000949.SZ,0.0857142857143
000898.SZ,0.0848163491251
002524.SZ,0.0842451665336
601669.SH,0.0837209516265
300133.SZ,0.0820607204396
002676.SZ,0.0808833443176
002288.SZ,0.0803151815139
600290.SH,0.0779526050205
002321.SZ,0.0777341062583
002636.SZ,0.0766148603847
601020.SH,0.0754466947401
601155.SH,0.0751783129536
002388.SZ,0.0750841671371
002480.SZ,0.0745775648742
600019.SH,0.0743691097517
600777.SH,0.0739447390492
600282.SH,0.0723967708921
002251.SZ,0.0722871118966
002639.SZ,0.0700201583672
300292.SZ,0.0690365727666
000883.SZ,0.0689064424276
002426.SZ,0.0683677356319
600239.SH,0.0650434968277
000671.SZ,0.0650413984961
000541.SZ,0.0636667983772
600121.SH,0.061812563844
000592.SZ,0.0614210170708
600338.SH,0.0602755829159
002145.SZ,0.0587847535238
601369.SH,0.0584716114619
600676.SH,0.0572381988149
600634.SH,0.0564024074864
002600.SZ,0.055479183934
002084.SZ,0.0543153178015
002094.SZ,0.0537680067099
600048.SH,0.0533963903409
600323.SH,0.0526406314483
603566.SH,0.052027582212
601005.SH,0.0512986673868
600508.SH,0.0511605996189
002583.SZ,0.0504415146957
300315.SZ,0.0500435246767
002555.SZ,0.047658104657
601225.SH,0.0462910252131
601727.SH,0.0460384050894
600737.SH,0.0446414365557
600179.SH,0.0432710256485
601699.SH,0.042879218664
002687.SZ,0.0424728420384
601991.SH,0.0424394055513
000100.SZ,0.0417490618541
600866.SH,0.0378813363949
601918.SH,0.0355900445096
600188.SH,0.0341923125347
601158.SH,0.0303181572542
002099.SZ,0.0254772928472
002427.SZ,0.0251566158767
002514.SZ,0.0231676184119
601238.SH,0.017902869656
300185.SZ,0.0119978522806
600610.SH,0.0
300022.SZ,0.0
300464.SZ,0.0
603818.SH,0.0
002466.SZ,0.0
000409.SZ,0.0
600568.SH,0.0
603838.SH,0.0
603825.SH,0.0
002520.SZ,0.0
002464.SZ,0.0
603843.SH,0.0
002529.SZ,0.0
000158.SZ,0.0
002532.SZ,0.0
000156.SZ,0.0
600076.SH,0.0
600546.SH,0.0
002548.SZ,0.0
600515.SH,0.0
000693.SZ,0.0
002451.SZ,0.0
600052.SH,0.0
002359.SZ,0.0
600764.SH,0.0
600759.SH,0.0
300072.SZ,0.0
600753.SH,0.0
600751.SH,0.0
000509.SZ,0.0
600750.SH,0.0
000506.SZ,0.0
300071.SZ,0.0
600745.SH,0.0
600734.SH,0.0
000502.SZ,0.0
600733.SH,0.0
600724.SH,0.0
600506.SH,0.0
002369.SZ,0.0
600701.SH,0.0
600022.SH,0.0
300049.SZ,0.0
600682.SH,0.0
600678.SH,0.0
002413.SZ,0.0
600673.SH,0.0
002431.SZ,0.0
600645.SH,0.0
002447.SZ,0.0
600641.SH,0.0
000415.SZ,0.0
600510.SH,0.0
603880.SH,0.0
600084.SH,0.0
600133.SH,0.0
600136.SH,0.0
600293.SH,0.0
000029.SZ,0.0
603939.SH,0.0
002716.SZ,0.0
002721.SZ,0.0
600145.SH,0.0
600148.SH,0.0
000022.SZ,0.0
002739.SZ,0.0
600158.SH,0.0
600255.SH,0.0
600241.SH,0.0
600165.SH,0.0
600226.SH,0.0
600221.SH,0.0
002770.SZ,0.0
300431.SZ,0.0
600217.SH,0.0
600212.SH,0.0
002778.SZ,0.0
002819.SZ,0.0
600189.SH,0.0
600175.SH,0.0
603997.SH,0.0
002707.SZ,0.0
000035.SZ,0.0
600086.SH,0.0
002699.SZ,0.0
603690.SH,0.0
600490.SH,0.0
600485.SH,0.0
002584.SZ,0.0
002607.SZ,0.0
600423.SH,0.0
002617.SZ,0.0
000063.SZ,0.0
600399.SH,0.0
600393.SH,0.0
002637.SZ,0.0
002647.SZ,0.0
002650.SZ,0.0
002659.SZ,0.0
002665.SZ,0.0
600335.SH,0.0
002872.SZ,0.0
000048.SZ,0.0
603908.SH,0.0
600318.SH,0.0
000042.SZ,0.0
002866.SZ,0.0
600309.SH,0.0
000038.SZ,0.0
300411.SZ,0.0
002310.SZ,0.0
300080.SZ,0.0
002309.SZ,0.0
603538.SH,0.0
300229.SZ,0.0
300339.SZ,0.0
000967.SZ,0.0
000972.SZ,0.0
300225.SZ,0.0
603520.SH,0.0
300219.SZ,0.0
300345.SZ,0.0
300217.SZ,0.0
002002.SZ,0.0
300350.SZ,0.0
002005.SZ,0.0
002011.SZ,0.0
600784.SH,0.0
300198.SZ,0.0
000616.SZ,0.0
300197.SZ,0.0
300187.SZ,0.0
000611.SZ,0.0
002051.SZ,0.0
002053.SZ,0.0
002059.SZ,0.0
601390.SH,0.0
002075.SZ,0.0
002082.SZ,0.0
002089.SZ,0.0
603009.SH,0.0
603508.SH,0.0
000939.SZ,0.0
300603.SZ,0.0
000711.SZ,0.0
603318.SH,0.0
603315.SH,0.0
000723.SZ,0.0
300317.SZ,0.0
000766.SZ,0.0
000779.SZ,0.0
000793.SZ,0.0
000796.SZ,0.0
000673.SZ,0.0
603188.SH,0.0
300290.SZ,0.0
300561.SZ,0.0
000669.SZ,0.0
000812.SZ,0.0
300280.SZ,0.0
000666.SZ,0.0
000825.SZ,0.0
603108.SH,0.0
300270.SZ,0.0
300266.SZ,0.0
603501.SH,0.0
000912.SZ,0.0
300586.SZ,0.0
300238.SZ,0.0
002098.SZ,0.0
002102.SZ,0.0
603602.SH,0.0
300118.SZ,0.0
002226.SZ,0.0
600850.SH,0.0
002239.SZ,0.0
600844.SH,0.0
002252.SZ,0.0
002256.SZ,0.0
002259.SZ,0.0
002260.SZ,0.0
002263.SZ,0.0
000540.SZ,0.0
300731.SZ,0.0
300090.SZ,0.0
600811.SH,0.0
002270.SZ,0.0
300732.SZ,0.0
600807.SH,0.0
002278.SZ,0.0
300086.SZ,0.0
600800.SH,0.0
600796.SH,0.0
600794.SH,0.0
000526.SZ,0.0
300324.SZ,0.0
002301.SZ,0.0
000523.SZ,0.0
600856.SH,0.0
002219.SZ,0.0
300491.SZ,0.0
002210.SZ,0.0
000593.SZ,0.0
601118.SH,0.0
002113.SZ,0.0
002122.SZ,0.0
300490.SZ,0.0
300162.SZ,0.0
601007.SH,0.0
000584.SZ,0.0
603636.SH,0.0
002143.SZ,0.0
300363.SZ,0.0
002147.SZ,0.0
300670.SZ,0.0
300146.SZ,0.0
300672.SZ,0.0
300680.SZ,0.0
300683.SZ,0.0
000566.SZ,0.0
300483.SZ,0.0
000564.SZ,0.0
300131.SZ,0.0
600896.SH,0.0
600891.SH,0.0
300128.SZ,0.0
600880.SH,0.0
600653.SH,0.0
