,2015,2016,2017
10190000,-21.0,,
10190030,-24.0,,
10190100,-22.0,,
10190900,-23.0,19.0,146.0
10190930,-21.0,9.0,151.0
10191000,-22.0,12.0,149.0
10191030,-22.0,12.0,142.0
10191100,-20.0,10.0,150.0
10191130,-21.0,13.0,146.0
10191330,-21.0,11.0,148.0
10191400,-26.0,10.0,152.0
10191430,-23.0,10.0,149.0
10191500,-24.0,6.0,149.0
10192100,-19.0,14.0,157.0
10192130,-22.0,11.0,137.0
10192200,-23.0,12.0,146.0
10192230,-26.0,13.0,147.0
10192300,-27.0,12.0,147.0
10192330,-22.0,,
10200000,-23.0,,
10200030,-23.0,,
10200100,-24.0,,
10200900,-23.0,19.0,153.0
10200930,-27.0,21.0,151.0
10201000,-27.0,13.0,162.0
10201030,-25.0,20.0,163.0
10201100,-27.0,24.0,173.0
10201130,-22.0,20.0,178.0
10201330,-22.0,23.0,186.0
10201400,-25.0,22.0,182.0
10201430,-28.0,21.0,165.0
10201500,-24.0,22.0,169.0
10202100,-26.0,3.0,146.0
10202130,-26.0,4.0,147.0
10202200,-26.0,6.0,153.0
10202230,-26.0,14.0,157.0
10202300,-23.0,19.0,154.0
10202330,-25.0,,
10210000,-22.0,,
10210030,-24.0,,
10210100,-25.0,,
10210900,-25.0,27.0,
10210930,-26.0,23.0,
10211000,-24.0,25.0,
10211030,-23.0,26.0,
10211100,-26.0,25.0,
10211130,-25.0,24.0,
10211330,-26.0,24.0,
10211400,-25.0,26.0,
10211430,-22.0,25.0,
10211500,-26.0,30.0,
10212100,-24.0,23.0,
10212130,-23.0,29.0,
10212200,-22.0,28.0,
10212230,-22.0,27.0,
10212300,-22.0,23.0,
10212330,-23.0,,
10220000,-24.0,,
10220030,-27.0,,
10220100,-25.0,,
10220900,-24.0,,
10220930,-24.0,,
10221000,-25.0,,
10221030,-27.0,,
10221100,-25.0,,
10221130,-25.0,,
10221330,-26.0,,
10221400,-25.0,,
10221430,-25.0,,
10221500,-25.0,,
10222100,-26.0,,
10222130,-25.0,,
10222200,-26.0,,
10222230,-26.0,,
10222300,-24.0,,
10222330,-25.0,,
10230000,-29.0,,
10230030,-29.0,,
10230100,-30.0,,
10230900,-30.0,,147.0
10230930,-28.0,,170.0
10231000,-30.0,,167.0
10231030,-30.0,,168.0
10231100,-26.0,,166.0
10231130,-28.0,,163.0
10231330,-27.0,,164.0
10231400,-30.0,,160.0
10231430,-27.0,,161.0
10231500,-27.0,,159.0
10232100,-23.0,,166.0
10232130,-27.0,,166.0
10232200,-27.0,,167.0
10232230,-29.0,,156.0
10232300,-26.0,,130.0
10232330,-28.0,,
10240900,,39.0,180.0
10240930,,25.0,171.0
10241000,,25.0,165.0
10241030,,25.0,166.0
10241100,,29.0,170.0
10241130,,25.0,168.0
10241330,,26.0,178.0
10241400,,39.0,174.0
10241430,,36.0,171.0
10241500,,36.0,170.0
10242100,,28.0,156.0
10242130,,28.0,166.0
10242200,,29.0,164.0
10242230,,30.0,168.0
10242300,,28.0,175.0
10250900,,35.0,170.0
10250930,,35.0,168.0
10251000,,33.0,171.0
10251030,,40.0,173.0
10251100,,30.0,168.0
10251130,,28.0,158.0
10251330,,32.0,159.0
10251400,,34.0,158.0
10251430,,34.0,168.0
10251500,,29.0,162.0
10252100,,36.0,163.0
10252130,,34.0,166.0
10252200,,34.0,164.0
10252230,,32.0,172.0
10252300,,33.0,169.0
10260000,-27.0,,
10260030,-27.0,,
10260100,-29.0,,
10260900,-28.0,19.0,159.0
10260930,-28.0,20.0,160.0
10261000,-29.0,19.0,148.0
10261030,-29.0,26.0,157.0
10261100,-28.0,18.0,161.0
10261130,-28.0,17.0,163.0
10261330,-27.0,16.0,169.0
10261400,-27.0,17.0,154.0
10261430,-29.0,19.0,154.0
10261500,-26.0,23.0,144.0
10262100,-30.0,27.0,130.0
10262130,-26.0,27.0,158.0
10262200,-28.0,26.0,156.0
10262230,-27.0,17.0,150.0
10262300,-26.0,16.0,157.0
10262330,-28.0,,
10270000,-27.0,,
10270030,-26.0,,
10270100,-26.0,,
10270900,-26.0,28.0,
10270930,-28.0,23.0,
10271000,-24.0,22.0,
10271030,-25.0,14.0,
10271100,-21.0,6.0,
10271130,-22.0,-1.0,
10271330,-21.0,-4.0,
10271400,-22.0,0.0,
10271430,-21.0,2.0,
10271500,-19.0,3.0,
10272100,-26.0,25.0,
10272130,-29.0,16.0,
10272200,-26.0,23.0,
10272230,-25.0,23.0,
10272300,-25.0,23.0,
10272330,-25.0,,
10280000,-21.0,,
10280030,-21.0,,
10280100,-21.0,,
10280900,-21.0,10.0,
10280930,-21.0,3.0,
10281000,-22.0,5.0,
10281030,-21.0,4.0,
10281100,-20.0,3.0,
10281130,-23.0,2.0,
10281330,-23.0,2.0,
10281400,-22.0,0.0,
10281430,-23.0,3.0,
10281500,-22.0,5.0,
10282100,-23.0,-1.0,
10282130,-21.0,5.0,
10282200,-21.0,5.0,
10282230,-20.0,2.0,
10282300,-21.0,5.0,
10282330,-21.0,,
10290000,-22.0,,
10290030,-22.0,,
10290100,-21.0,,
10290900,-21.0,,
10290930,-23.0,,
10291000,-22.0,,
10291030,-22.0,,
10291100,-22.0,,
10291130,-21.0,,
10291330,-22.0,,
10291400,-21.0,,
10291430,-22.0,,
10291500,-22.0,,
10292100,-24.0,,
10292130,-22.0,,
10292200,-20.0,,
10292230,-21.0,,
10292300,-21.0,,
10292330,-21.0,,
10300000,-22.0,,
10300030,-25.0,,
10300100,-25.0,,
10300900,-25.0,,
10300930,-25.0,,
10301000,-25.0,,
10301030,-25.0,,
10301100,-25.0,,
10301130,-25.0,,
10301330,-26.0,,
10301400,-26.0,,
10301430,-23.0,,
10301500,-27.0,,
10302100,-21.0,,
10302130,-24.0,,
10302200,-24.0,,
10302230,-24.0,,
10302300,-21.0,,
10302330,-23.0,,
10310900,,11.0,
10310930,,9.0,
10311000,,6.0,
10311030,,5.0,
10311100,,4.0,
10311130,,5.0,
10311330,,6.0,
10311400,,7.0,
10311430,,5.0,
10311500,,5.0,
10312100,,5.0,
10312130,,3.0,
10312200,,-2.0,
10312230,,2.0,
10312300,,9.0,
11010900,,4.0,
11010930,,2.0,
11011000,,5.0,
11011030,,13.0,
11011100,,13.0,
11011130,,12.0,
11011330,,12.0,
11011400,,20.0,
11011430,,23.0,
11011500,,24.0,
11012100,,7.0,
11012130,,8.0,
11012200,,8.0,
11012230,,6.0,
11012300,,3.0,
11020000,-28.0,,
11020030,-27.0,,
11020100,-27.0,,
11020900,-27.0,27.0,
11020930,-27.0,29.0,
11021000,-25.0,17.0,
11021030,-21.0,22.0,
11021100,-23.0,23.0,
11021130,-25.0,26.0,
11021330,-24.0,27.0,
11021400,-24.0,25.0,
11021430,-26.0,25.0,
11021500,-26.0,23.0,
11022100,-29.0,24.0,
11022130,-24.0,24.0,
11022200,-27.0,23.0,
11022230,-27.0,22.0,
11022300,-28.0,26.0,
11022330,-27.0,,
11030000,-28.0,,
11030030,-28.0,,
11030100,-25.0,,
11030900,-24.0,28.0,
11030930,-26.0,29.0,
11031000,-28.0,26.0,
11031030,-26.0,25.0,
11031100,-29.0,27.0,
11031130,-28.0,26.0,
11031330,-28.0,26.0,
11031400,-26.0,28.0,
11031430,-30.0,29.0,
11031500,-28.0,31.0,
11032100,-30.0,16.0,
11032130,-27.0,27.0,
11032200,-28.0,29.0,
11032230,-28.0,29.0,
11032300,-29.0,26.0,
11032330,-28.0,,
11040000,-21.0,,
11040030,-20.0,,
11040100,-20.0,,
11040900,-21.0,53.0,
11040930,-21.0,45.0,
11041000,-20.0,47.0,
11041030,-18.0,42.0,
11041100,-19.0,40.0,
11041130,-18.0,40.0,
11041330,-19.0,41.0,
11041400,-18.0,42.0,
11041430,-14.0,39.0,
11041500,-12.0,42.0,
11042100,-27.0,36.0,
11042130,-21.0,33.0,
11042200,-21.0,34.0,
11042230,-22.0,41.0,
11042300,-22.0,48.0,
11042330,-20.0,,
11050000,-13.0,,
11050030,-14.0,,
11050100,-12.0,,
11050900,-13.0,,
11050930,-10.0,,
11051000,-11.0,,
11051030,-12.0,,
11051100,-13.0,,
11051130,-11.0,,
11051330,-9.0,,
11051400,-10.0,,
11051430,-10.0,,
11051500,-8.0,,
11052100,-11.0,,
11052130,-16.0,,
11052200,-13.0,,
11052230,-14.0,,
11052300,-14.0,,
11052330,-11.0,,
11060000,-9.0,,
11060030,-10.0,,
11060100,-9.0,,
11060900,-9.0,,
11060930,-9.0,,
11061000,-10.0,,
11061030,-11.0,,
11061100,-8.0,,
11061130,-9.0,,
11061330,-9.0,,
11061400,-7.0,,
11061430,-9.0,,
11061500,-10.0,,
11062100,-8.0,,
11062130,-7.0,,
11062200,-9.0,,
11062230,-9.0,,
11062300,-7.0,,
11062330,-7.0,,
11070900,,54.0,
11070930,,50.0,
11071000,,50.0,
11071030,,52.0,
11071100,,53.0,
11071130,,49.0,
11071330,,49.0,
11071400,,42.0,
11071430,,51.0,
11071500,,47.0,
11072100,,42.0,
11072130,,48.0,
11072200,,49.0,
11072230,,39.0,
11072300,,51.0,
11080900,,51.0,
11080930,,48.0,
11081000,,47.0,
11081030,,43.0,
11081100,,45.0,
11081130,,42.0,
11081330,,38.0,
11081400,,36.0,
11081430,,41.0,
11081500,,45.0,
11082100,,45.0,
11082130,,50.0,
11082200,,50.0,
11082230,,52.0,
11082300,,51.0,
11090000,-11.0,,
11090030,-13.0,,
11090100,-12.0,,
11090900,-8.0,35.0,
11090930,-12.0,38.0,
11091000,-13.0,42.0,
11091030,-12.0,39.0,
11091100,-15.0,47.0,
11091130,-13.0,52.0,
11091330,-14.0,55.0,
11091400,-15.0,49.0,
11091430,-14.0,56.0,
11091500,-13.0,51.0,
11092100,-9.0,39.0,
11092130,-10.0,40.0,
11092200,-11.0,39.0,
11092230,-11.0,37.0,
11092300,-12.0,41.0,
11092330,-12.0,,
11100000,-15.0,,
11100030,-16.0,,
11100100,-15.0,,
11100900,-15.0,48.0,
11100930,-14.0,41.0,
11101000,-14.0,45.0,
11101030,-13.0,46.0,
11101100,-12.0,43.0,
11101130,-14.0,43.0,
11101330,-14.0,42.0,
11101400,-15.0,46.0,
11101430,-14.0,42.0,
11101500,-16.0,37.0,
11102100,-11.0,51.0,
11102130,-12.0,51.0,
11102200,-12.0,50.0,
11102230,-14.0,52.0,
11102300,-15.0,50.0,
11102330,-15.0,,
11110000,-17.0,,
11110030,-20.0,,
11110100,-20.0,,
11110900,-20.0,36.0,
11110930,-20.0,26.0,
11111000,-18.0,15.0,
11111030,-21.0,18.0,
11111100,-19.0,25.0,
11111130,-19.0,27.0,
11111330,-19.0,31.0,
11111400,-19.0,30.0,
11111430,-18.0,40.0,
11111500,-18.0,42.0,
11112100,-16.0,30.0,
11112130,-16.0,33.0,
11112200,-18.0,32.0,
11112230,-18.0,30.0,
11112300,-20.0,28.0,
11112330,-19.0,,
11120000,-21.0,,
11120030,-21.0,,
11120100,-22.0,,
11120900,-22.0,,
11120930,-22.0,,
11121000,-24.0,,
11121030,-24.0,,
11121100,-20.0,,
11121130,-19.0,,
11121330,-20.0,,
11121400,-14.0,,
11121430,-15.0,,
11121500,-14.0,,
11122100,-17.0,,
11122130,-16.0,,
11122200,-18.0,,
11122230,-19.0,,
11122300,-20.0,,
11122330,-21.0,,
11130000,-20.0,,
11130030,-20.0,,
11130100,-22.0,,
11130900,-21.0,,
11130930,-17.0,,
11131000,-15.0,,
11131030,-15.0,,
11131100,-12.0,,
11131130,-15.0,,
11131330,-15.0,,
11131400,-14.0,,
11131430,-12.0,,
11131500,-11.0,,
11132100,-15.0,,
11132130,-17.0,,
11132200,-17.0,,
11132230,-18.0,,
11132300,-20.0,,
11132330,-20.0,,
11140900,,-9.0,
11140930,,-8.0,
11141000,,-1.0,
11141030,,7.0,
11141100,,-2.0,
11141130,,0.0,
11141330,,-4.0,
11141400,,-2.0,
11141430,,-2.0,
11141500,,-3.0,
11142100,,41.0,
11142130,,39.0,
11142200,,9.0,
11142230,,4.0,
11142300,,-6.0,
11150900,,-4.0,
11150930,,-4.0,
11151000,,-4.0,
11151030,,-4.0,
11151100,,-7.0,
11151130,,-8.0,
11151330,,-7.0,
11151400,,-5.0,
11151430,,-5.0,
11151500,,-5.0,
11152100,,-7.0,
11152130,,-5.0,
11152200,,-6.0,
11152230,,-3.0,
11152300,,1.0,
11160000,-11.0,,
11160030,-13.0,,
11160100,-11.0,,
11160900,-13.0,7.0,
11160930,-9.0,7.0,
11161000,-8.0,9.0,
11161030,-9.0,8.0,
11161100,-7.0,7.0,
11161130,-8.0,7.0,
11161330,-7.0,7.0,
11161400,-8.0,7.0,
11161430,-6.0,7.0,
11161500,-8.0,9.0,
11162100,-13.0,-10.0,
11162130,-11.0,-2.0,
11162200,-11.0,-1.0,
11162230,-12.0,1.0,
11162300,-13.0,8.0,
11162330,-12.0,,
11170000,-10.0,,
11170030,-8.0,,
11170100,-10.0,,
11170900,-12.0,4.0,
11170930,-6.0,-4.0,
11171000,-6.0,-3.0,
11171030,-6.0,-3.0,
11171100,-7.0,-2.0,
11171130,-7.0,1.0,
11171330,-7.0,7.0,
11171400,-8.0,7.0,
11171430,-7.0,6.0,
11171500,-8.0,10.0,
11172100,-10.0,11.0,
11172130,-6.0,1.0,
11172200,-5.0,2.0,
11172230,-6.0,9.0,
11172300,-6.0,9.0,
11172330,-9.0,,
11180000,-9.0,,
11180030,-9.0,,
11180100,-6.0,,
11180900,-7.0,-1.0,
11180930,-5.0,-2.0,
11181000,-6.0,0.0,
11181030,-6.0,3.0,
11181100,-7.0,2.0,
11181130,-10.0,1.0,
11181330,-11.0,3.0,
11181400,-9.0,13.0,
11181430,-7.0,14.0,
11181500,-5.0,13.0,
11182100,-9.0,4.0,
11182130,-9.0,-1.0,
11182200,-9.0,0.0,
11182230,-9.0,7.0,
11182300,-9.0,4.0,
11182330,-9.0,,
11190000,-5.0,,
11190030,-5.0,,
11190100,-7.0,,
11190900,-7.0,,
11190930,-5.0,,
11191000,-6.0,,
11191030,-6.0,,
11191100,-8.0,,
11191130,-5.0,,
11191330,-4.0,,
11191400,-3.0,,
11191430,-4.0,,
11191500,-5.0,,
11192100,-6.0,,
11192130,-3.0,,
11192200,-2.0,,
11192230,-3.0,,
11192300,-3.0,,
11192330,-4.0,,
11200000,-4.0,,
11200030,-6.0,,
11200100,-6.0,,
11200900,-6.0,,
11200930,-6.0,,
11201000,-3.0,,
11201030,-4.0,,
11201100,-11.0,,
11201130,-10.0,,
11201330,-10.0,,
11201400,-9.0,,
11201430,-11.0,,
11201500,-11.0,,
11202100,-6.0,,
11202130,-4.0,,
11202200,-5.0,,
11202230,-3.0,,
11202300,-6.0,,
11202330,-4.0,,
11210900,,-1.0,
11210930,,3.0,
11211000,,5.0,
11211030,,5.0,
11211100,,0.0,
11211130,,6.0,
11211330,,7.0,
11211400,,3.0,
11211430,,5.0,
11211500,,-4.0,
11212100,,11.0,
11212130,,6.0,
11212200,,5.0,
11212230,,4.0,
11212300,,4.0,
11220900,,-3.0,
11220930,,8.0,
11221000,,14.0,
11221030,,15.0,
11221100,,7.0,
11221130,,4.0,
11221330,,4.0,
11221400,,5.0,
11221430,,12.0,
11221500,,4.0,
11222100,,-2.0,
11222130,,4.0,
11222200,,-2.0,
11222230,,5.0,
11222300,,4.0,
11230000,-11.0,,
11230030,-10.0,,
11230100,-11.0,,
11230900,-12.0,11.0,
11230930,-10.0,7.0,
11231000,-7.0,5.0,
11231030,-6.0,9.0,
11231100,-8.0,9.0,
11231130,-5.0,5.0,
11231330,-5.0,5.0,
11231400,-8.0,6.0,
11231430,-8.0,11.0,
11231500,-7.0,13.0,
11232100,-11.0,-3.0,
11232130,-5.0,3.0,
11232200,-4.0,1.0,
11232230,-9.0,1.0,
11232300,-11.0,7.0,
11232330,-10.0,,
11240000,-5.0,,
11240030,-4.0,,
11240100,-4.0,,
11240900,-5.0,34.0,
11240930,-7.0,8.0,
11241000,-4.0,11.0,
11241030,-6.0,9.0,
11241100,-7.0,7.0,
11241130,-4.0,11.0,
11241330,-4.0,11.0,
11241400,-5.0,11.0,
11241430,-3.0,10.0,
11241500,-5.0,3.0,
11242100,-5.0,16.0,
11242130,-5.0,14.0,
11242200,-7.0,10.0,
11242230,-5.0,8.0,
11242300,-5.0,13.0,
11242330,-6.0,,
11250000,-5.0,,
11250030,-2.0,,
11250100,2.0,,
11250900,0.0,16.0,
11250930,-4.0,9.0,
11251000,-3.0,3.0,
11251030,-3.0,4.0,
11251100,-2.0,7.0,
11251130,-4.0,15.0,
11251330,-4.0,15.0,
11251400,-1.0,15.0,
11251430,-2.0,14.0,
11251500,-7.0,7.0,
11252100,-6.0,-5.0,
11252130,-6.0,5.0,
11252200,-5.0,9.0,
11252230,-6.0,5.0,
11252300,-7.0,12.0,
11252330,-9.0,,
11260000,-3.0,,
11260030,-5.0,,
11260100,-2.0,,
11260900,-3.0,,
11260930,-6.0,,
11261000,-4.0,,
11261030,-10.0,,
11261100,-11.0,,
11261130,-9.0,,
11261330,-8.0,,
11261400,-14.0,,
11261430,-12.0,,
11261500,-15.0,,
11262100,-7.0,,
11262130,-5.0,,
11262200,-3.0,,
11262230,-4.0,,
11262300,-4.0,,
11262330,-3.0,,
11270000,-11.0,,
11270030,-13.0,,
11270100,-14.0,,
11270900,-13.0,,
11270930,-13.0,,
11271000,-14.0,,
11271030,-12.0,,
11271100,-14.0,,
11271130,-13.0,,
11271330,-14.0,,
11271400,-14.0,,
11271430,-13.0,,
11271500,-12.0,,
11272100,-13.0,,
11272130,-14.0,,
11272200,-12.0,,
11272230,-12.0,,
11272300,-10.0,,
11272330,-13.0,,
11280900,,24.0,
11280930,,15.0,
11281000,,21.0,
11281030,,23.0,
11281100,,22.0,
11281130,,25.0,
11281330,,31.0,
11281400,,31.0,
11281430,,30.0,
11281500,,24.0,
11282100,,19.0,
11282130,,14.0,
11282200,,15.0,
11282230,,15.0,
11282300,,18.0,
11290900,,10.0,
11290930,,29.0,
11291000,,23.0,
11291030,,24.0,
11291100,,25.0,
11291130,,16.0,
11291330,,14.0,
11291400,,17.0,
11291430,,21.0,
11291500,,12.0,
11292100,,37.0,
11292130,,27.0,
11292200,,24.0,
11292230,,26.0,
11292300,,27.0,
11300000,-10.0,,
11300030,-8.0,,
11300100,-9.0,,
11300900,-12.0,11.0,
11300930,-11.0,9.0,
11301000,-10.0,7.0,
11301030,-12.0,7.0,
11301100,-11.0,17.0,
11301130,-13.0,18.0,
11301330,-13.0,18.0,
11301400,-12.0,18.0,
11301430,-10.0,18.0,
11301500,-8.0,18.0,
11302100,-14.0,12.0,
11302130,-15.0,12.0,
11302200,-15.0,14.0,
11302230,-13.0,13.0,
11302300,-10.0,11.0,
11302330,-10.0,,
12010000,-12.0,,
12010030,-12.0,,
12010100,-13.0,,
12010900,-13.0,10.0,
12010930,-12.0,18.0,
12011000,-11.0,22.0,
12011030,-11.0,25.0,
12011100,-11.0,26.0,
12011130,-10.0,30.0,
12011330,-11.0,33.0,
12011400,-8.0,27.0,
12011430,-10.0,33.0,
12011500,-10.0,28.0,
12012100,-8.0,19.0,
12012130,-10.0,12.0,
12012200,-11.0,17.0,
12012230,-10.0,16.0,
12012300,-11.0,18.0,
12012330,-11.0,,
12020000,-12.0,,
12020030,-13.0,,
12020100,-16.0,,
12020900,-16.0,16.0,
12020930,-19.0,26.0,
12021000,-19.0,29.0,
12021030,-20.0,31.0,
12021100,-22.0,32.0,
12021130,-22.0,28.0,
12021330,-24.0,44.0,
12021400,-26.0,36.0,
12021430,-31.0,31.0,
12021500,-32.0,39.0,
12022100,-12.0,26.0,
12022130,-12.0,32.0,
12022200,-12.0,32.0,
12022230,-11.0,31.0,
12022300,-10.0,30.0,
12022330,-10.0,,
12030000,-32.0,,
12030030,-34.0,,
12030100,-33.0,,
12030900,-33.0,,
12030930,-31.0,,
12031000,-31.0,,
12031030,-34.0,,
12031100,-32.0,,
12031130,-34.0,,
12031330,-34.0,,
12031400,-32.0,,
12031430,-31.0,,
12031500,-28.0,,
12032100,-29.0,,
12032130,-36.0,,
12032200,-32.0,,
12032230,-32.0,,
12032300,-33.0,,
12032330,-34.0,,
12040000,-30.0,,
12040030,-31.0,,
12040100,-27.0,,
12040900,-28.0,,
12040930,-30.0,,
12041000,-30.0,,
12041030,-33.0,,
12041100,-32.0,,
12041130,-31.0,,
12041330,-32.0,,
12041400,-32.0,,
12041430,-31.0,,
12041500,-33.0,,
12042100,-29.0,,
12042130,-35.0,,
12042200,-33.0,,
12042230,-29.0,,
12042300,-29.0,,
12042330,-26.0,,
12050900,,39.0,
12050930,,40.0,
12051000,,44.0,
12051030,,44.0,
12051100,,40.0,
12051130,,41.0,
12051330,,41.0,
12051400,,39.0,
12051430,,35.0,
12051500,,36.0,
12052100,,35.0,
12052130,,40.0,
12052200,,35.0,
12052230,,38.0,
12052300,,43.0,
12060900,,34.0,
12060930,,33.0,
12061000,,32.0,
12061030,,28.0,
12061100,,33.0,
12061130,,37.0,
12061330,,38.0,
12061400,,35.0,
12061430,,31.0,
12061500,,34.0,
12062100,,34.0,
12062130,,34.0,
12062200,,34.0,
12062230,,34.0,
12062300,,37.0,
12070000,-33.0,,
12070030,-33.0,,
12070100,-32.0,,
12070900,-33.0,42.0,
12070930,-27.0,38.0,
12071000,-31.0,43.0,
12071030,-32.0,41.0,
12071100,-32.0,43.0,
12071130,-29.0,46.0,
12071330,-30.0,52.0,
12071400,-28.0,41.0,
12071430,-27.0,41.0,
12071500,-27.0,39.0,
12072100,-35.0,41.0,
12072130,-32.0,36.0,
12072200,-35.0,40.0,
12072230,-33.0,42.0,
12072300,-34.0,38.0,
12072330,-32.0,,
12080000,-30.0,,
12080030,-28.0,,
12080100,-29.0,,
12080900,-29.0,35.0,
12080930,-27.0,40.0,
12081000,-29.0,40.0,
12081030,-26.0,39.0,
12081100,-27.0,41.0,
12081130,-23.0,38.0,
12081330,-23.0,37.0,
12081400,-25.0,42.0,
12081430,-26.0,43.0,
12081500,-25.0,42.0,
12082100,-28.0,44.0,
12082130,-31.0,39.0,
12082200,-28.0,38.0,
12082230,-28.0,40.0,
12082300,-28.0,35.0,
12082330,-29.0,,
12090000,-24.0,,
12090030,-24.0,,
12090100,-22.0,,
12090900,-22.0,20.0,
12090930,-20.0,38.0,
12091000,-21.0,35.0,
12091030,-24.0,40.0,
12091100,-24.0,41.0,
12091130,-24.0,47.0,
12091330,-23.0,48.0,
12091400,-24.0,47.0,
12091430,-25.0,46.0,
12091500,-24.0,47.0,
12092100,-20.0,50.0,
12092130,-26.0,41.0,
12092200,-22.0,43.0,
12092230,-21.0,42.0,
12092300,-22.0,38.0,
12092330,-22.0,,
12100000,-26.0,,
12100030,-26.0,,
12100100,-28.0,,
12100900,-28.0,,
12100930,-27.0,,
12101000,-25.0,,
12101030,-26.0,,
12101100,-25.0,,
12101130,-26.0,,
12101330,-26.0,,
12101400,-27.0,,
12101430,-29.0,,
12101500,-27.0,,
12102100,-27.0,,
12102130,-23.0,,
12102200,-25.0,,
12102230,-23.0,,
12102300,-25.0,,
12102330,-26.0,,
12110000,-29.0,,
12110030,-27.0,,
12110100,-27.0,,
12110900,-28.0,,
12110930,-27.0,,
12111000,-28.0,,
12111030,-28.0,,
12111100,-26.0,,
12111130,-26.0,,
12111330,-25.0,,
12111400,-29.0,,
12111430,-26.0,,
12111500,-27.0,,
12112100,-24.0,,
12112130,-27.0,,
12112200,-28.0,,
12112230,-27.0,,
12112300,-28.0,,
12112330,-27.0,,
12120900,,97.0,
12120930,,68.0,
12121000,,64.0,
12121030,,62.0,
12121100,,61.0,
12121130,,68.0,
12121330,,68.0,
12121400,,63.0,
12121430,,59.0,
12121500,,64.0,
12122100,,51.0,
12122130,,49.0,
12122200,,43.0,
12122230,,49.0,
12122300,,47.0,
12130900,,68.0,
12130930,,61.0,
12131000,,64.0,
12131030,,61.0,
12131100,,62.0,
12131130,,65.0,
12131330,,62.0,
12131400,,63.0,
12131430,,69.0,
12131500,,70.0,
12132100,,66.0,
12132130,,64.0,
12132200,,65.0,
12132230,,64.0,
12132300,,67.0,
12140000,-28.0,,
12140030,-28.0,,
12140100,-28.0,,
12140900,-28.0,53.0,
12140930,-29.0,68.0,
12141000,-31.0,65.0,
12141030,-30.0,69.0,
12141100,-24.0,64.0,
12141130,-25.0,66.0,
12141330,-24.0,62.0,
12141400,-26.0,68.0,
12141430,-26.0,63.0,
12141500,-28.0,66.0,
12142100,-28.0,61.0,
12142130,-27.0,61.0,
12142200,-28.0,64.0,
12142230,-28.0,65.0,
12142300,-28.0,59.0,
12142330,-26.0,,
12150000,-28.0,,
12150030,-28.0,,
12150100,-27.0,,
12150900,-27.0,73.0,
12150930,-23.0,64.0,
12151000,-24.0,62.0,
12151030,-23.0,66.0,
12151100,-24.0,61.0,
12151130,-27.0,66.0,
12151330,-28.0,60.0,
12151400,-29.0,68.0,
12151430,-31.0,69.0,
12151500,-29.0,64.0,
12152100,-29.0,63.0,
12152130,-26.0,64.0,
12152200,-26.0,61.0,
12152230,-28.0,64.0,
12152300,-28.0,62.0,
12152330,-28.0,,
12160000,-29.0,,
12160030,-29.0,,
12160100,-28.0,,
12160900,-27.0,65.0,
12160930,-28.0,68.0,
12161000,-28.0,64.0,
12161030,-28.0,63.0,
12161100,-27.0,63.0,
12161130,-26.0,65.0,
12161330,-28.0,65.0,
12161400,-27.0,68.0,
12161430,-26.0,67.0,
12161500,-25.0,59.0,
12162100,-28.0,63.0,
12162130,-29.0,65.0,
12162200,-30.0,64.0,
12162230,-29.0,67.0,
12162300,-28.0,69.0,
12162330,-27.0,,
12170000,-22.0,,
12170030,-21.0,,
12170100,-22.0,,
12170900,-22.0,,
12170930,-24.0,,
12171000,-22.0,,
12171030,-23.0,,
12171100,-22.0,,
12171130,-22.0,,
12171330,-22.0,,
12171400,-21.0,,
12171430,-21.0,,
12171500,-18.0,,
12172100,-25.0,,
12172130,-24.0,,
12172200,-22.0,,
12172230,-22.0,,
12172300,-20.0,,
12172330,-20.0,,
12180000,-21.0,,
12180030,-22.0,,
12180100,-21.0,,
12180900,-23.0,,
12180930,-19.0,,
12181000,-19.0,,
12181030,-20.0,,
12181100,-19.0,,
12181130,-23.0,,
12181330,-20.0,,
12181400,-15.0,,
12181430,-15.0,,
12181500,-14.0,,
12182100,-20.0,,
12182130,-20.0,,
12182200,-21.0,,
12182230,-20.0,,
12182300,-21.0,,
12182330,-21.0,,
12190900,,50.0,
12190930,,55.0,
12191000,,54.0,
12191030,,54.0,
12191100,,53.0,
12191130,,54.0,
12191330,,55.0,
12191400,,58.0,
12191430,,57.0,
12191500,,51.0,
12192100,,58.0,
12192130,,62.0,
12192200,,64.0,
12192230,,67.0,
12192300,,59.0,
12200900,,51.0,
12200930,,54.0,
12201000,,49.0,
12201030,,48.0,
12201100,,48.0,
12201130,,48.0,
12201330,,48.0,
12201400,,48.0,
12201430,,50.0,
12201500,,51.0,
12202100,,48.0,
12202130,,47.0,
12202200,,48.0,
12202230,,44.0,
12202300,,48.0,
12210000,-14.0,,
12210030,-13.0,,
12210100,-6.0,,
12210900,-21.0,53.0,
12210930,-17.0,54.0,
12211000,-18.0,50.0,
12211030,-17.0,49.0,
12211100,-17.0,49.0,
12211130,-18.0,46.0,
12211330,-17.0,52.0,
12211400,-22.0,52.0,
12211430,-22.0,50.0,
12211500,-22.0,52.0,
12212100,-11.0,47.0,
12212130,-16.0,57.0,
12212200,-18.0,53.0,
12212230,-16.0,52.0,
12212300,-12.0,53.0,
12212330,-13.0,,
12220000,-21.0,,
12220030,-21.0,,
12220100,-20.0,,
12220900,-18.0,51.0,
12220930,-19.0,52.0,
12221000,-21.0,49.0,
12221030,-22.0,53.0,
12221100,-23.0,50.0,
12221130,-23.0,51.0,
12221330,-21.0,50.0,
12221400,-23.0,51.0,
12221430,-22.0,47.0,
12221500,-26.0,49.0,
12222100,-18.0,57.0,
12222130,-18.0,51.0,
12222200,-17.0,54.0,
12222230,-16.0,54.0,
12222300,-19.0,51.0,
12222330,-20.0,,
12230000,-29.0,,
12230030,-29.0,,
12230100,-28.0,,
12230900,-30.0,51.0,
12230930,-27.0,52.0,
12231000,-27.0,55.0,
12231030,-27.0,50.0,
12231100,-28.0,50.0,
12231130,-25.0,45.0,
12231330,-24.0,45.0,
12231400,-27.0,46.0,
12231430,-27.0,43.0,
12231500,-26.0,41.0,
12232100,-27.0,43.0,
12232130,-25.0,48.0,
12232200,-26.0,49.0,
12232230,-25.0,50.0,
12232300,-29.0,56.0,
12232330,-28.0,,
12240000,-29.0,,
12240030,-28.0,,
12240100,-28.0,,
12240900,-29.0,,
12240930,-25.0,,
12241000,-29.0,,
12241030,-28.0,,
12241100,-28.0,,
12241130,-27.0,,
12241330,-26.0,,
12241400,-24.0,,
12241430,-26.0,,
12241500,-26.0,,
12242100,-28.0,,
12242130,-30.0,,
12242200,-30.0,,
12242230,-28.0,,
12242300,-29.0,,
12242330,-30.0,,
12250000,-27.0,,
12250030,-28.0,,
12250100,-27.0,,
12250900,-29.0,,
12250930,-26.0,,
12251000,-26.0,,
12251030,-26.0,,
12251100,-26.0,,
12251130,-25.0,,
12251330,-25.0,,
12251400,-25.0,,
12251430,-25.0,,
12251500,-24.0,,
12252100,-28.0,,
12252130,-28.0,,
12252200,-27.0,,
12252230,-27.0,,
12252300,-25.0,,
12252330,-26.0,,
12260900,,42.0,
12260930,,45.0,
12261000,,32.0,
12261030,,26.0,
12261100,,32.0,
12261130,,35.0,
12261330,,34.0,
12261400,,30.0,
12261430,,36.0,
12261500,,35.0,
12262100,,41.0,
12262130,,49.0,
12262200,,47.0,
12262230,,49.0,
12262300,,49.0,
12270900,,33.0,
12270930,,29.0,
12271000,,29.0,
12271030,,30.0,
12271100,,28.0,
12271130,,30.0,
12271330,,37.0,
12271400,,37.0,
12271430,,37.0,
12271500,,46.0,
12272100,,36.0,
12272130,,32.0,
12272200,,34.0,
12272230,,29.0,
12272300,,25.0,
12280000,-29.0,,
12280030,-28.0,,
12280100,-28.0,,
12280900,-28.0,56.0,
12280930,-28.0,50.0,
12281000,-26.0,50.0,
12281030,-27.0,52.0,
12281100,-29.0,48.0,
12281130,-28.0,53.0,
12281330,-26.0,48.0,
12281400,-24.0,45.0,
12281430,-23.0,59.0,
12281500,-18.0,52.0,
12282100,-23.0,45.0,
12282130,-25.0,44.0,
12282200,-26.0,44.0,
12282230,-26.0,45.0,
12282300,-28.0,46.0,
12282330,-29.0,,
12290000,-28.0,,
12290030,-27.0,,
12290100,-27.0,,
12290900,-28.0,49.0,
12290930,-28.0,47.0,
12291000,-28.0,49.0,
12291030,-27.0,52.0,
12291100,-25.0,50.0,
12291130,-25.0,50.0,
12291330,-24.0,49.0,
12291400,-17.0,49.0,
12291430,-19.0,44.0,
12291500,-27.0,43.0,
12292100,-17.0,41.0,
12292130,-24.0,47.0,
12292200,-24.0,41.0,
12292230,-26.0,45.0,
12292300,-25.0,49.0,
12292330,-24.0,,
12300000,-21.0,,
12300030,-18.0,,
12300100,-11.0,,
12300900,-11.0,42.0,
12300930,-11.0,36.0,
12301000,-12.0,33.0,
12301030,-16.0,35.0,
12301100,-15.0,36.0,
12301130,-15.0,36.0,
12301330,-16.0,29.0,
12301400,-16.0,42.0,
12301430,-14.0,38.0,
12301500,-14.0,36.0,
12302100,-25.0,44.0,
12302130,-22.0,46.0,
12302200,-22.0,46.0,
12302230,-23.0,45.0,
12302300,-22.0,40.0,
12302330,-21.0,,
12310000,-15.0,,
12310030,-15.0,,
12310100,-13.0,,
12310900,-13.0,,
12310930,-15.0,,
12311000,-17.0,,
12311030,-17.0,,
12311100,-12.0,,
12311130,-12.0,,
12311330,-14.0,,
12311400,-12.0,,
12311430,-14.0,,
12311500,-16.0,,
12312100,-12.0,,
12312130,-12.0,,
12312200,-11.0,,
12312230,-13.0,,
12312300,-13.0,,
12312330,-15.0,,
01030830,,49.0,
01030900,,41.0,
01030930,,37.0,
01031000,,33.0,
01031030,,35.0,
01031100,,36.0,
01031130,,33.0,
01031330,,35.0,
01031400,,33.0,
01031430,,33.0,
01031500,,30.0,
01040830,,,
01040900,-7.0,36.0,
01040930,-11.0,33.0,
01041000,-11.0,34.0,
01041030,-10.0,38.0,
01041100,-13.0,39.0,
01041130,-16.0,46.0,
01041330,-18.0,49.0,
01041400,-11.0,47.0,
01041430,-15.0,46.0,
01041500,-14.0,49.0,
01042100,,34.0,
01042130,,31.0,
01042200,,35.0,
01042230,,34.0,
01042300,,35.0,
01050000,-11.0,,
01050030,-12.0,,
01050100,-13.0,,
01050900,-11.0,47.0,
01050930,-16.0,49.0,
01051000,-10.0,47.0,
01051030,-11.0,50.0,
01051100,-11.0,53.0,
01051130,-9.0,54.0,
01051330,-11.0,53.0,
01051400,-9.0,53.0,
01051430,-8.0,51.0,
01051500,-7.0,46.0,
01052100,-12.0,47.0,
01052130,-14.0,47.0,
01052200,-15.0,47.0,
01052230,-15.0,42.0,
01052300,-12.0,46.0,
01052330,-10.0,,
01060000,-9.0,,
01060030,-10.0,,
01060100,-8.0,,
01060900,-8.0,50.0,
01060930,-7.0,53.0,
01061000,-9.0,52.0,
01061030,-7.0,52.0,
01061100,-7.0,53.0,
01061130,-8.0,47.0,
01061330,-7.0,48.0,
01061400,-6.0,51.0,
01061430,-7.0,54.0,
01061500,-8.0,55.0,
01062100,-7.0,48.0,
01062130,-9.0,46.0,
01062200,-10.0,47.0,
01062230,-11.0,51.0,
01062300,-12.0,53.0,
01062330,-10.0,,
01070000,-7.0,,
01070030,-8.0,,
01070100,-7.0,,
01070900,-6.0,,
01070930,-9.0,,
01071000,-8.0,,
01071030,-9.0,,
01071100,-7.0,,
01071130,-9.0,,
01071330,-8.0,,
01071400,-7.0,,
01071430,-8.0,,
01071500,-8.0,,
01072100,-8.0,,
01072130,-8.0,,
01072200,-10.0,,
01072230,-7.0,,
01072300,-9.0,,
01072330,-8.0,,
01080000,-8.0,,
01080030,-9.0,,
01080100,-8.0,,
01080900,-10.0,,
01080930,-7.0,,
01081000,-9.0,,
01081030,-8.0,,
01081100,-9.0,,
01081130,-10.0,,
01081330,-12.0,,
01081400,-10.0,,
01081430,-9.0,,
01081500,-10.0,,
01082100,-8.0,,
01082130,-7.0,,
01082200,-10.0,,
01082230,-12.0,,
01082300,-10.0,,
01082330,-7.0,,
01090900,,46.0,
01090930,,49.0,
01091000,,56.0,
01091030,,57.0,
01091100,,58.0,
01091130,,60.0,
01091330,,62.0,
01091400,,59.0,
01091430,,58.0,
01091500,,64.0,
01092100,,54.0,
01092130,,53.0,
01092200,,52.0,
01092230,,51.0,
01092300,,51.0,
01100900,,67.0,
01100930,,66.0,
01101000,,63.0,
01101030,,66.0,
01101100,,62.0,
01101130,,59.0,
01101330,,59.0,
01101400,,66.0,
01101430,,66.0,
01101500,,59.0,
01102100,,65.0,
01102130,,65.0,
01102200,,65.0,
01102230,,66.0,
01102300,,69.0,
01110000,-11.0,,
01110030,-10.0,,
01110100,-10.0,,
01110900,-10.0,66.0,
01110930,-7.0,69.0,
01111000,-8.0,72.0,
01111030,-5.0,70.0,
01111100,-5.0,65.0,
01111130,-7.0,66.0,
01111330,-6.0,67.0,
01111400,-6.0,70.0,
01111430,-5.0,68.0,
01111500,-8.0,73.0,
01112100,-9.0,66.0,
01112130,-9.0,70.0,
01112200,-10.0,69.0,
01112230,-9.0,70.0,
01112300,-10.0,68.0,
01112330,-8.0,,
01120000,-9.0,,
01120030,-7.0,,
01120100,-7.0,,
01120900,-7.0,65.0,
01120930,-6.0,71.0,
01121000,-10.0,71.0,
01121030,-7.0,72.0,
01121100,-7.0,73.0,
01121130,-8.0,70.0,
01121330,-9.0,72.0,
01121400,-7.0,75.0,
01121430,-8.0,79.0,
01121500,-7.0,81.0,
01122100,-5.0,71.0,
01122130,-6.0,71.0,
01122200,-7.0,72.0,
01122230,-7.0,72.0,
01122300,-9.0,71.0,
01122330,-7.0,,
01130000,-12.0,,
01130030,-13.0,,
01130100,-14.0,,
01130900,-13.0,80.0,
01130930,-11.0,80.0,
01131000,-11.0,82.0,
01131030,-10.0,81.0,
01131100,-12.0,86.0,
01131130,-12.0,83.0,
01131330,-12.0,85.0,
01131400,-12.0,81.0,
01131430,-11.0,79.0,
01131500,-12.0,82.0,
01132100,-5.0,81.0,
01132130,-11.0,81.0,
01132200,-10.0,83.0,
01132230,-12.0,82.0,
01132300,-11.0,80.0,
01132330,-12.0,,
01140000,-12.0,,
01140030,-11.0,,
01140100,-9.0,,
01140900,-10.0,,
01140930,-12.0,,
01141000,-10.0,,
01141030,-11.0,,
01141100,-11.0,,
01141130,-10.0,,
01141330,-10.0,,
01141400,-10.0,,
01141430,-11.0,,
01141500,-13.0,,
01142100,-9.0,,
01142130,-12.0,,
01142200,-12.0,,
01142230,-11.0,,
01142300,-12.0,,
01142330,-12.0,,
01150000,-12.0,,
01150030,-11.0,,
01150100,-12.0,,
01150900,-14.0,,
01150930,-12.0,,
01151000,-9.0,,
01151030,-9.0,,
01151100,-8.0,,
01151130,-8.0,,
01151330,-7.0,,
01151400,-5.0,,
01151430,-6.0,,
01151500,-6.0,,
01152100,-11.0,,
01152130,-12.0,,
01152200,-12.0,,
01152230,-12.0,,
01152300,-12.0,,
01152330,-11.0,,
01160900,,76.0,
01160930,,88.0,
01161000,,84.0,
01161030,,89.0,
01161100,,95.0,
01161130,,97.0,
01161330,,95.0,
01161400,,99.0,
01161430,,97.0,
01161500,,91.0,
01162100,,82.0,
01162130,,74.0,
01162200,,74.0,
01162230,,74.0,
01162300,,87.0,
01170900,,91.0,
01170930,,86.0,
01171000,,77.0,
01171030,,76.0,
01171100,,74.0,
01171130,,63.0,
01171330,,63.0,
01171400,,66.0,
01171430,,66.0,
01171500,,61.0,
01172100,,87.0,
01172130,,92.0,
01172200,,90.0,
01172230,,91.0,
01172300,,88.0,
01180000,-4.0,,
01180030,-5.0,,
01180100,-5.0,,
01180900,-4.0,54.0,
01180930,-1.0,61.0,
01181000,-6.0,61.0,
01181030,-5.0,62.0,
01181100,-1.0,65.0,
01181130,-5.0,62.0,
01181330,-4.0,64.0,
01181400,-5.0,66.0,
01181430,-5.0,67.0,
01181500,-8.0,76.0,
01182100,-4.0,66.0,
01182130,-6.0,60.0,
01182200,-8.0,59.0,
01182230,-8.0,68.0,
01182300,-6.0,73.0,
01182330,-5.0,,
01190000,-8.0,,
01190030,-5.0,,
01190100,-5.0,,
01190900,-6.0,53.0,
01190930,-6.0,46.0,
01191000,-7.0,48.0,
01191030,-7.0,43.0,
01191100,-6.0,54.0,
01191130,-6.0,53.0,
01191330,-7.0,50.0,
01191400,-6.0,61.0,
01191430,-6.0,61.0,
01191500,-9.0,51.0,
01192100,-8.0,70.0,
01192130,-7.0,62.0,
01192200,-10.0,56.0,
01192230,-7.0,60.0,
01192300,-6.0,57.0,
01192330,-7.0,,
01200000,-11.0,,
01200030,-11.0,,
01200100,-11.0,,
01200900,-11.0,54.0,
01200930,-7.0,56.0,
01201000,-8.0,61.0,
01201030,-7.0,59.0,
01201100,-7.0,63.0,
01201130,-7.0,65.0,
01201330,-6.0,65.0,
01201400,-7.0,61.0,
01201430,-6.0,50.0,
01201500,-3.0,44.0,
01202100,-10.0,48.0,
01202130,-9.0,49.0,
01202200,-8.0,51.0,
01202230,-13.0,62.0,
01202300,-12.0,54.0,
01202330,-11.0,,
01210000,-5.0,,
01210030,-4.0,,
01210100,-6.0,,
01210900,-3.0,,
01210930,-6.0,,
01211000,-6.0,,
01211030,-6.0,,
01211100,-4.0,,
01211130,-5.0,,
01211330,-3.0,,
01211400,-4.0,,
01211430,-4.0,,
01211500,-4.0,,
01212100,-5.0,,
01212130,-3.0,,
01212200,-5.0,,
01212230,-6.0,,
01212300,-5.0,,
01212330,-5.0,,
01220000,-3.0,,
01220030,-1.0,,
01220100,-1.0,,
01220900,-1.0,,
01220930,-1.0,,
01221000,-1.0,,
01221030,-3.0,,
01221100,-1.0,,
01221130,-2.0,,
01221330,-1.0,,
01221400,0.0,,
01221430,0.0,,
01221500,1.0,,
01222100,-5.0,,
01222130,-2.0,,
01222200,-1.0,,
01222230,-1.0,,
01222300,-1.0,,
01222330,1.0,,
01230900,,52.0,
01230930,,43.0,
01231000,,45.0,
01231030,,45.0,
01231100,,46.0,
01231130,,48.0,
01231330,,47.0,
01231400,,46.0,
01231430,,44.0,
01231500,,47.0,
01232100,,38.0,
01232130,,41.0,
01232200,,44.0,
01232230,,41.0,
01232300,,47.0,
01240900,,59.0,
01240930,,59.0,
01241000,,60.0,
01241030,,66.0,
01241100,,71.0,
01241130,,67.0,
01241330,,54.0,
01241400,,64.0,
01241430,,60.0,
01241500,,59.0,
01242100,,47.0,
01242130,,50.0,
01242200,,49.0,
01242230,,45.0,
01242300,,59.0,
01250000,2.0,,
01250030,2.0,,
01250100,0.0,,
01250900,-2.0,62.0,
01250930,2.0,64.0,
01251000,4.0,67.0,
01251030,3.0,62.0,
01251100,4.0,66.0,
01251130,8.0,69.0,
01251330,8.0,69.0,
01251400,8.0,69.0,
01251430,7.0,64.0,
01251500,4.0,69.0,
01252100,0.0,65.0,
01252130,1.0,60.0,
01252200,0.0,63.0,
01252230,2.0,68.0,
01252300,1.0,66.0,
01252330,3.0,,
01260000,3.0,,
01260030,5.0,,
01260100,5.0,,
01260900,4.0,88.0,
01260930,6.0,82.0,
01261000,6.0,87.0,
01261030,6.0,84.0,
01261100,7.0,85.0,
01261130,5.0,82.0,
01261330,6.0,83.0,
01261400,5.0,85.0,
01261430,5.0,87.0,
01261500,4.0,86.0,
01262100,4.0,67.0,
01262130,4.0,84.0,
01262200,4.0,83.0,
01262230,4.0,81.0,
01262300,4.0,89.0,
01262330,4.0,,
01270000,6.0,,
01270030,10.0,,
01270100,13.0,,
01270900,10.0,,
01270930,15.0,,
01271000,13.0,,
01271030,13.0,,
01271100,14.0,,
01271130,13.0,,
01271330,14.0,,
01271400,10.0,,
01271430,7.0,,
01271500,12.0,,
01272100,6.0,,
01272130,6.0,,
01272200,3.0,,
01272230,4.0,,
01272300,5.0,,
01272330,6.0,,
01280000,-5.0,,
01280030,-3.0,,
01280100,-3.0,,
01280900,-2.0,,
01280930,2.0,,
01281000,2.0,,
01281030,0.0,,
01281100,1.0,,
01281130,0.0,,
01281330,2.0,,
01281400,-1.0,,
01281430,-2.0,,
01281500,-3.0,,
01282100,12.0,,
01282130,5.0,,
01282200,0.0,,
01282230,-1.0,,
01282300,0.0,,
01282330,-2.0,,
01290000,-8.0,,
01290030,-8.0,,
01290100,-9.0,,
01290900,-10.0,,
01290930,-6.0,,
01291000,-5.0,,
01291030,-5.0,,
01291100,-1.0,,
01291130,-2.0,,
01291330,-2.0,,
01291400,-3.0,,
01291430,-3.0,,
01291500,-3.0,,
01292100,-5.0,,
01292130,-6.0,,
01292200,-4.0,,
01292230,-8.0,,
01292300,-6.0,,
01292330,-9.0,,
02010000,7.0,,
02010030,7.0,,
02010100,3.0,,
02010900,4.0,,
02010930,2.0,,
02011000,2.0,,
02011030,1.0,,
02011100,0.0,,
02011130,-1.0,,
02011330,-1.0,,
02011400,0.0,,
02011430,-2.0,,
02011500,-2.0,,
02012100,-1.0,,
02012130,-4.0,,
02012200,3.0,,
02012230,2.0,,
02012300,3.0,,
02012330,6.0,,
02020000,-4.0,,
02020030,-4.0,,
02020100,-2.0,,
02020900,-2.0,,
02020930,-3.0,,
02021000,-3.0,,
02021030,-5.0,,
02021100,-4.0,,
02021130,-4.0,,
02021330,-4.0,,
02021400,-5.0,,
02021430,-2.0,,
02021500,-2.0,,
02022100,0.0,,
02022130,-5.0,,
02022200,-2.0,,
02022230,-4.0,,
02022300,-3.0,,
02022330,-4.0,,
02030000,0.0,,
02030030,-1.0,,
02030100,-2.0,,
02030830,,87.0,
02030900,-1.0,90.0,
02030930,-1.0,56.0,
02031000,-2.0,46.0,
02031030,-2.0,41.0,
02031100,0.0,28.0,
02031130,1.0,25.0,
02031330,0.0,29.0,
02031400,0.0,37.0,
02031430,2.0,34.0,
02031500,1.0,24.0,
02032100,2.0,,
02032130,-2.0,,
02032200,-2.0,,
02032230,-1.0,,
02032300,0.0,,
02032330,0.0,,
02040000,0.0,,
02040030,0.0,,
02040100,2.0,,
02040900,1.0,,
02040930,0.0,,
02041000,-2.0,,
02041030,-2.0,,
02041100,-2.0,,
02041130,1.0,,
02041330,0.0,,
02041400,1.0,,
02041430,0.0,,
02041500,0.0,,
02042100,2.0,,
02042130,2.0,,
02042200,2.0,,
02042230,0.0,,
02042300,1.0,,
02042330,-2.0,,
02050000,-1.0,,
02050030,-3.0,,
02050100,-3.0,,
02050900,-2.0,,
02050930,1.0,,
02051000,-3.0,,
02051030,-3.0,,
02051100,-1.0,,
02051130,-1.0,,
02051330,-2.0,,
02051400,-4.0,,
02051430,-2.0,,
02051500,0.0,,
02052100,-1.0,,
02052130,1.0,,
02052200,-1.0,,
02052230,1.0,,
02052300,0.0,,
02052330,-2.0,,
02060900,,29.0,
02060930,,38.0,
02061000,,32.0,
02061030,,32.0,
02061100,,31.0,
02061130,,34.0,
02061330,,34.0,
02061400,,33.0,
02061430,,30.0,
02061500,,25.0,
02062100,,24.0,
02062130,,31.0,
02062200,,30.0,
02062230,,30.0,
02062300,,30.0,
02070900,,26.0,
02070930,,30.0,
02071000,,49.0,
02071030,,46.0,
02071100,,51.0,
02071130,,58.0,
02071330,,57.0,
02071400,,50.0,
02071430,,54.0,
02071500,,56.0,
02072100,,29.0,
02072130,,28.0,
02072200,,27.0,
02072230,,27.0,
02072300,,32.0,
02080900,,49.0,
02080930,,62.0,
02081000,,70.0,
02081030,,66.0,
02081100,,68.0,
02081130,,59.0,
02081330,,62.0,
02081400,,60.0,
02081430,,63.0,
02081500,,68.0,
02082100,,52.0,
02082130,,49.0,
02082200,,47.0,
02082230,,48.0,
02082300,,48.0,
02090900,,69.0,
02090930,,68.0,
02091000,,66.0,
02091030,,67.0,
02091100,,70.0,
02091130,,69.0,
02091330,,69.0,
02091400,,69.0,
02091430,,66.0,
02091500,,58.0,
02092100,,71.0,
02092130,,72.0,
02092200,,70.0,
02092230,,76.0,
02092300,,69.0,
02100900,,67.0,
02100930,,65.0,
02101000,,75.0,
02101030,,72.0,
02101100,,69.0,
02101130,,72.0,
02101330,,68.0,
02101400,,83.0,
02101430,,86.0,
02101500,,65.0,
02102100,,53.0,
02102130,,53.0,
02102200,,70.0,
02102230,,70.0,
02102300,,72.0,
02130900,,62.0,
02130930,,63.0,
02131000,,69.0,
02131030,,68.0,
02131100,,76.0,
02131130,,75.0,
02131330,,78.0,
02131400,,75.0,
02131430,,74.0,
02131500,,74.0,
02132100,,65.0,
02132130,,68.0,
02132200,,66.0,
02132230,,67.0,
02132300,,62.0,
02140900,,80.0,
02140930,,76.0,
02141000,,75.0,
02141030,,65.0,
02141100,,63.0,
02141130,,75.0,
02141330,,72.0,
02141400,,78.0,
02141430,,79.0,
02141500,,79.0,
02142100,,79.0,
02142130,,74.0,
02142200,,72.0,
02142230,,72.0,
02142300,,82.0,
02150830,-1.0,,
02150900,-1.0,73.0,
02150930,0.0,75.0,
02151000,-2.0,78.0,
02151030,-2.0,80.0,
02151100,-4.0,81.0,
02151130,-4.0,83.0,
02151330,-3.0,83.0,
02151400,-3.0,82.0,
02151430,2.0,88.0,
02151500,1.0,74.0,
02152100,,77.0,
02152130,,69.0,
02152200,,63.0,
02152230,,75.0,
02152300,,76.0,
02160000,1.0,,
02160030,-1.0,,
02160100,-1.0,,
02160900,-1.0,72.0,
02160930,2.0,90.0,
02161000,1.0,87.0,
02161030,1.0,91.0,
02161100,1.0,90.0,
02161130,0.0,117.0,
02161330,0.0,96.0,
02161400,-1.0,91.0,
02161430,1.0,80.0,
02161500,1.0,69.0,
02162100,-1.0,76.0,
02162130,1.0,84.0,
02162200,0.0,86.0,
02162230,2.0,78.0,
02162300,0.0,72.0,
02162330,1.0,,
02170900,,94.0,
02170930,,101.0,
02171000,,108.0,
02171030,,113.0,
02171100,,110.0,
02171130,,109.0,
02171330,,111.0,
02171400,,112.0,
02171430,,111.0,
02171500,,113.0,
02180900,2.0,,
02180930,0.0,,
02181000,1.0,,
02181030,-1.0,,
02181100,1.0,,
02181130,2.0,,
02181330,1.0,,
02181400,0.0,,
02181430,1.0,,
02181500,4.0,,
02190900,2.0,,
02190930,3.0,,
02191000,6.0,,
02191030,7.0,,
02191100,11.0,,
02191130,17.0,,
02191330,16.0,,
02191400,17.0,,
02191430,18.0,,
02191500,22.0,,
02200900,,115.0,
02200930,,138.0,
02201000,,144.0,
02201030,,136.0,
02201100,,139.0,
02201130,,135.0,
02201330,,137.0,
02201400,,141.0,
02201430,,134.0,
02201500,,142.0,
02202100,,110.0,
02202130,,115.0,
02202200,,115.0,
02202230,,115.0,
02202300,,115.0,
02210900,,148.0,
02210930,,151.0,
02211000,,151.0,
02211030,,151.0,
02211100,,147.0,
02211130,,146.0,
02211330,,149.0,
02211400,,143.0,
02211430,,143.0,
02211500,,141.0,
02212100,,142.0,
02212130,,140.0,
02212200,,140.0,
02212230,,142.0,
02212300,,147.0,
02220000,16.0,,
02220030,20.0,,
02220100,19.0,,
02220900,33.0,137.0,
02220930,30.0,139.0,
02221000,29.0,140.0,
02221030,31.0,143.0,
02221100,34.0,141.0,
02221130,32.0,135.0,
02221330,33.0,140.0,
02221400,34.0,124.0,
02221430,33.0,119.0,
02221500,40.0,126.0,
02222100,20.0,138.0,
02222130,19.0,143.0,
02222200,20.0,138.0,
02222230,20.0,140.0,
02222300,14.0,138.0,
02222330,18.0,,
02230000,32.0,,
02230030,32.0,,
02230100,32.0,,
02230900,30.0,120.0,
02230930,27.0,116.0,
02231000,22.0,118.0,
02231030,23.0,120.0,
02231100,23.0,123.0,
02231130,19.0,119.0,
02231330,19.0,113.0,
02231400,21.0,100.0,
02231430,15.0,102.0,
02231500,16.0,116.0,
02232100,35.0,121.0,
02232130,36.0,131.0,
02232200,33.0,128.0,
02232230,36.0,129.0,
02232300,36.0,118.0,
02232330,34.0,,
02240000,27.0,,
02240030,25.0,,
02240100,23.0,,
02240900,25.0,89.0,
02240930,26.0,96.0,
02241000,24.0,99.0,
02241030,26.0,94.0,
02241100,27.0,93.0,
02241130,29.0,105.0,
02241330,29.0,106.0,
02241400,27.0,111.0,
02241430,29.0,108.0,
02241500,25.0,116.0,
02242100,13.0,119.0,
02242130,19.0,122.0,
02242200,24.0,108.0,
02242230,22.0,109.0,
02242300,22.0,103.0,
02242330,26.0,,
02250000,31.0,,
02250030,30.0,,
02250100,32.0,,
02250900,33.0,,
02250930,37.0,,
02251000,33.0,,
02251030,36.0,,
02251100,33.0,,
02251130,31.0,,
02251330,30.0,,
02251400,31.0,,
02251430,33.0,,
02251500,33.0,,
02252100,25.0,,
02252130,32.0,,
02252200,33.0,,
02252230,32.0,,
02252300,33.0,,
02252330,31.0,,
02260000,33.0,,
02260030,34.0,,
02260100,37.0,,
02260900,37.0,,
02260930,38.0,,
02261000,35.0,,
02261030,36.0,,
02261100,37.0,,
02261130,34.0,,
02261330,32.0,,
02261400,35.0,,
02261430,33.0,,
02261500,34.0,,
02262100,34.0,,
02262130,34.0,,
02262200,35.0,,
02262230,36.0,,
02262300,36.0,,
02262330,34.0,,
02270900,,147.0,
02270930,,145.0,
02271000,,155.0,
02271030,,153.0,
02271100,,151.0,
02271130,,147.0,
02271330,,146.0,
02271400,,141.0,
02271430,,149.0,
02271500,,149.0,
02272100,,119.0,
02272130,,123.0,
02272200,,124.0,
02272230,,121.0,
02272300,,131.0,
02280900,,150.0,
02280930,,157.0,
02281000,,159.0,
02281030,,154.0,
02281100,,155.0,
02281130,,154.0,
02281330,,154.0,
02281400,,148.0,
02281430,,141.0,
02281500,,144.0,
02282100,,151.0,
02282130,,148.0,
02282200,,144.0,
02282230,,149.0,
02282300,,148.0,
02290000,34.0,,
02290030,35.0,,
02290100,34.0,,
02290900,33.0,,
02290930,37.0,,
02291000,40.0,,
02291030,42.0,,
02291100,44.0,,
02291130,45.0,,
02291330,44.0,,
02291400,44.0,,
02291430,44.0,,
02291500,48.0,,
02292100,34.0,,
02292130,31.0,,
02292200,33.0,,
02292230,34.0,,
02292300,37.0,,
02292330,33.0,,
03010000,34.0,,
03010030,32.0,,
03010100,33.0,,
03010900,32.0,145.0,
03010930,36.0,132.0,
03011000,40.0,142.0,
03011030,41.0,141.0,
03011100,47.0,150.0,
03011130,44.0,156.0,
03011330,46.0,155.0,
03011400,48.0,149.0,
03011430,47.0,150.0,
03011500,47.0,154.0,
03012100,45.0,148.0,
03012130,43.0,146.0,
03012200,43.0,147.0,
03012230,39.0,141.0,
03012300,41.0,144.0,
03012330,40.0,,
03020000,40.0,,
03020030,41.0,,
03020100,41.0,,
03020900,41.0,157.0,
03020930,37.0,172.0,
03021000,36.0,172.0,
03021030,36.0,172.0,
03021100,38.0,172.0,
03021130,33.0,155.0,
03021330,34.0,157.0,
03021400,22.0,158.0,
03021430,15.0,157.0,
03021500,17.0,156.0,
03022100,47.0,158.0,
03022130,45.0,167.0,
03022200,42.0,162.0,
03022230,43.0,163.0,
03022300,40.0,165.0,
03022330,40.0,,
03030000,10.0,,
03030030,9.0,,
03030100,9.0,,
03030900,10.0,135.0,
03030930,13.0,147.0,
03031000,11.0,158.0,
03031030,13.0,153.0,
03031100,11.0,159.0,
03031130,12.0,163.0,
03031330,9.0,165.0,
03031400,14.0,173.0,
03031430,16.0,185.0,
03031500,15.0,193.0,
03032100,13.0,154.0,
03032130,9.0,140.0,
03032200,9.0,139.0,
03032230,10.0,142.0,
03032300,14.0,141.0,
03032330,10.0,,
03040000,10.0,,
03040030,6.0,,
03040100,9.0,,
03040900,6.0,,
03040930,2.0,,
03041000,-2.0,,
03041030,-1.0,,
03041100,-5.0,,
03041130,-2.0,,
03041330,-2.0,,
03041400,1.0,,
03041430,0.0,,
03041500,-8.0,,
03042100,13.0,,
03042130,10.0,,
03042200,9.0,,
03042230,7.0,,
03042300,8.0,,
03042330,5.0,,
03060900,,193.0,
03060930,,187.0,
03061000,,185.0,
03061030,,189.0,
03061100,,186.0,
03061130,,184.0,
03061330,,184.0,
03061400,,181.0,
03061430,,172.0,
03061500,,183.0,
03062100,,192.0,
03062130,,198.0,
03062200,,193.0,
03062230,,201.0,
03062300,,191.0,
03070000,0.0,,
03070030,1.0,,
03070100,1.0,,
03070900,1.0,169.0,
03070930,1.0,175.0,
03071000,1.0,170.0,
03071030,1.0,163.0,
03071100,1.0,167.0,
03071130,1.0,164.0,
03071330,1.0,166.0,
03071400,1.0,160.0,
03071430,1.0,161.0,
03071500,1.0,173.0,
03072100,-5.0,169.0,
03072130,-4.0,169.0,
03072200,5.0,166.0,
03072230,6.0,170.0,
03072300,0.0,167.0,
03072330,2.0,,
03080000,3.0,,
03080030,3.0,,
03080100,3.0,,
03080900,3.0,177.0,
03080930,3.0,183.0,
03081000,3.0,176.0,
03081030,-7.0,179.0,
03081100,8.0,169.0,
03081130,15.0,182.0,
03081330,16.0,179.0,
03081400,13.0,180.0,
03081430,3.0,193.0,
03081500,3.0,189.0,
03082100,-8.0,172.0,
03082130,3.0,175.0,
03082200,3.0,174.0,
03082230,3.0,173.0,
03082300,3.0,184.0,
03082330,3.0,,
03090000,37.0,,
03090030,37.0,,
03090100,38.0,,
03090900,39.0,192.0,
03090930,44.0,190.0,
03091000,39.0,191.0,
03091030,34.0,196.0,
03091100,37.0,183.0,
03091130,38.0,191.0,
03091330,39.0,187.0,
03091400,37.0,180.0,
03091430,46.0,176.0,
03091500,46.0,183.0,
03092100,15.0,184.0,
03092130,33.0,191.0,
03092200,34.0,188.0,
03092230,38.0,188.0,
03092300,31.0,193.0,
03092330,37.0,,
03100000,45.0,,
03100030,46.0,,
03100100,42.0,,
03100900,44.0,185.0,
03100930,32.0,184.0,
03101000,39.0,184.0,
03101030,33.0,185.0,
03101100,40.0,184.0,
03101130,40.0,185.0,
03101330,49.0,186.0,
03101400,42.0,190.0,
03101430,44.0,187.0,
03101500,44.0,199.0,
03102100,49.0,186.0,
03102130,48.0,183.0,
03102200,47.0,177.0,
03102230,45.0,178.0,
03102300,49.0,180.0,
03102330,49.0,,
03110000,47.0,,
03110030,56.0,,
03110100,54.0,,
03110900,56.0,,
03110930,58.0,,
03111000,61.0,,
03111030,60.0,,
03111100,62.0,,
03111130,57.0,,
03111330,59.0,,
03111400,70.0,,
03111430,64.0,,
03111500,60.0,,
03112100,41.0,,
03112130,42.0,,
03112200,48.0,,
03112230,51.0,,
03112300,43.0,,
03112330,43.0,,
03130900,,200.0,
03130930,,206.0,
03131000,,217.0,
03131030,,230.0,
03131100,,240.0,
03131130,,240.0,
03131330,,239.0,
03131400,,251.0,
03131430,,252.0,
03131500,,262.0,
03132100,,186.0,
03132130,,187.0,
03132200,,192.0,
03132230,,191.0,
03132300,,192.0,
03140000,82.0,,
03140030,76.0,,
03140100,61.0,,
03140900,65.0,280.0,
03140930,68.0,279.0,
03141000,70.0,289.0,
03141030,59.0,296.0,
03141100,58.0,290.0,
03141130,67.0,288.0,
03141330,65.0,293.0,
03141400,61.0,284.0,
03141430,58.0,293.0,
03141500,55.0,294.0,
03142100,60.0,261.0,
03142130,68.0,257.0,
03142200,70.0,259.0,
03142230,70.0,271.0,
03142300,70.0,278.0,
03142330,71.0,,
03150000,62.0,,
03150030,59.0,,
03150100,57.0,,
03150900,58.0,234.0,
03150930,57.0,223.0,
03151000,60.0,239.0,
03151030,57.0,222.0,
03151100,45.0,221.0,
03151130,46.0,228.0,
03151330,47.0,221.0,
03151400,46.0,235.0,
03151430,47.0,230.0,
03151500,50.0,226.0,
03152100,61.0,299.0,
03152130,59.0,284.0,
03152200,64.0,274.0,
03152230,58.0,248.0,
03152300,60.0,229.0,
03152330,59.0,,
03160000,50.0,,
03160030,47.0,,
03160100,47.0,,
03160900,49.0,236.0,
03160930,47.0,221.0,
03161000,45.0,216.0,
03161030,50.0,213.0,
03161100,54.0,212.0,
03161130,57.0,205.0,
03161330,57.0,206.0,
03161400,60.0,198.0,
03161430,60.0,184.0,
03161500,57.0,186.0,
03162100,45.0,221.0,
03162130,48.0,225.0,
03162200,50.0,226.0,
03162230,49.0,234.0,
03162300,51.0,236.0,
03162330,52.0,,
03170000,57.0,,
03170030,53.0,,
03170100,58.0,,
03170900,58.0,198.0,
03170930,47.0,205.0,
03171000,54.0,218.0,
03171030,52.0,218.0,
03171100,53.0,217.0,
03171130,47.0,209.0,
03171330,43.0,210.0,
03171400,52.0,214.0,
03171430,56.0,206.0,
03171500,56.0,206.0,
03172100,60.0,183.0,
03172130,59.0,183.0,
03172200,58.0,187.0,
03172230,63.0,187.0,
03172300,67.0,203.0,
03172330,63.0,,
03180000,60.0,,
03180030,55.0,,
03180100,54.0,,
03180900,55.0,,
03180930,49.0,,
03181000,48.0,,
03181030,44.0,,
03181100,43.0,,
03181130,40.0,,
03181330,39.0,,
03181400,41.0,,
03181430,40.0,,
03181500,37.0,,
03182100,55.0,,
03182130,64.0,,
03182200,64.0,,
03182230,66.0,,
03182300,67.0,,
03182330,60.0,,
03200900,,215.0,
03200930,,217.0,
03201000,,214.0,
03201030,,207.0,
03201100,,212.0,
03201130,,211.0,
03201330,,214.0,
03201400,,223.0,
03201430,,242.0,
03201500,,247.0,
03202100,,205.0,
03202130,,217.0,
03202200,,220.0,
03202230,,215.0,
03202300,,215.0,
03210000,48.0,,
03210030,46.0,,
03210100,39.0,,
03210900,38.0,276.0,
03210930,45.0,271.0,
03211000,43.0,276.0,
03211030,40.0,272.0,
03211100,34.0,252.0,
03211130,34.0,238.0,
03211330,35.0,237.0,
03211400,41.0,239.0,
03211430,43.0,241.0,
03211500,45.0,247.0,
03212100,39.0,243.0,
03212130,49.0,247.0,
03212200,48.0,255.0,
03212230,48.0,262.0,
03212300,49.0,278.0,
03212330,46.0,,
03220000,51.0,,
03220030,56.0,,
03220100,50.0,,
03220900,50.0,263.0,
03220930,53.0,284.0,
03221000,54.0,269.0,
03221030,54.0,277.0,
03221100,52.0,277.0,
03221130,55.0,296.0,
03221330,55.0,294.0,
03221400,54.0,298.0,
03221430,54.0,288.0,
03221500,56.0,288.0,
03222100,46.0,251.0,
03222130,51.0,262.0,
03222200,55.0,258.0,
03222230,53.0,259.0,
03222300,58.0,267.0,
03222330,50.0,,
03230000,75.0,,
03230030,81.0,,
03230100,78.0,,
03230900,80.0,263.0,
03230930,69.0,273.0,
03231000,66.0,276.0,
03231030,66.0,274.0,
03231100,63.0,272.0,
03231130,62.0,265.0,
03231330,63.0,266.0,
03231400,69.0,271.0,
03231430,77.0,276.0,
03231500,75.0,290.0,
03232100,57.0,290.0,
03232130,67.0,282.0,
03232200,67.0,287.0,
03232230,69.0,281.0,
03232300,72.0,263.0,
03232330,77.0,,
03240000,115.0,,
03240030,106.0,,
03240100,89.0,,
03240900,93.0,274.0,
03240930,96.0,281.0,
03241000,93.0,283.0,
03241030,99.0,281.0,
03241100,92.0,285.0,
03241130,92.0,273.0,
03241330,90.0,274.0,
03241400,102.0,273.0,
03241430,103.0,268.0,
03241500,105.0,274.0,
03242100,80.0,288.0,
03242130,100.0,282.0,
03242200,92.0,283.0,
03242230,100.0,274.0,
03242300,100.0,274.0,
03242330,106.0,,
03250000,115.0,,
03250030,113.0,,
03250100,113.0,,
03250900,112.0,,
03250930,119.0,,
03251000,118.0,,
03251030,116.0,,
03251100,111.0,,
03251130,108.0,,
03251330,109.0,,
03251400,116.0,,
03251430,120.0,,
03251500,114.0,,
03252100,103.0,,
03252130,116.0,,
03252200,120.0,,
03252230,118.0,,
03252300,118.0,,
03252330,116.0,,
03270900,,304.0,
03270930,,279.0,
03271000,,256.0,
03271030,,254.0,
03271100,,264.0,
03271130,,257.0,
03271330,,259.0,
03271400,,257.0,
03271430,,258.0,
03271500,,252.0,
03272100,,276.0,
03272130,,282.0,
03272200,,278.0,
03272230,,279.0,
03272300,,275.0,
03280000,135.0,,
03280030,127.0,,
03280100,132.0,,
03280900,129.0,249.0,
03280930,133.0,251.0,
03281000,127.0,257.0,
03281030,133.0,258.0,
03281100,126.0,253.0,
03281130,134.0,264.0,
03281330,135.0,264.0,
03281400,136.0,237.0,
03281430,140.0,238.0,
03281500,144.0,248.0,
03282100,115.0,251.0,
03282130,135.0,242.0,
03282200,135.0,248.0,
03282230,135.0,251.0,
03282300,139.0,251.0,
03282330,140.0,,
03290000,139.0,,
03290030,136.0,,
03290100,132.0,,
03290900,131.0,206.0,
03290930,138.0,215.0,
03291000,152.0,208.0,
03291030,150.0,211.0,
03291100,151.0,212.0,
03291130,151.0,196.0,
03291330,152.0,196.0,
03291400,144.0,197.0,
03291430,134.0,206.0,
03291500,131.0,204.0,
03292100,140.0,250.0,
03292130,144.0,234.0,
03292200,144.0,232.0,
03292230,146.0,231.0,
03292300,145.0,204.0,
03292330,142.0,,
03300000,144.0,,
03300030,146.0,,
03300100,147.0,,
03300900,149.0,207.0,
03300930,145.0,211.0,
03301000,149.0,226.0,
03301030,144.0,226.0,
03301100,148.0,227.0,
03301130,148.0,229.0,
03301330,147.0,230.0,
03301400,140.0,237.0,
03301430,139.0,233.0,
03301500,143.0,237.0,
03302100,128.0,206.0,
03302130,138.0,222.0,
03302200,133.0,215.0,
03302230,126.0,214.0,
03302300,136.0,211.0,
03302330,145.0,,
03310000,140.0,,
03310030,142.0,,
03310100,136.0,,
03310900,139.0,223.0,
03310930,137.0,227.0,
03311000,131.0,240.0,
03311030,135.0,242.0,
03311100,134.0,240.0,
03311130,133.0,242.0,
03311330,133.0,243.0,
03311400,131.0,251.0,
03311430,127.0,248.0,
03311500,124.0,255.0,
03312100,150.0,231.0,
03312130,140.0,217.0,
03312200,141.0,216.0,
03312230,137.0,210.0,
03312300,142.0,216.0,
03312330,144.0,,
04010000,117.0,,
04010030,119.0,,
04010100,119.0,,
04010900,120.0,,
04010930,115.0,,
04011000,119.0,,
04011030,118.0,,
04011100,116.0,,
04011130,119.0,,
04011330,118.0,,
04011400,118.0,,
04011430,115.0,,
04011500,129.0,,
04012100,128.0,,
04012130,128.0,,
04012200,130.0,,
04012230,124.0,,
04012300,117.0,,
04012330,116.0,,
04050730,,255.0,
04050830,123.0,241.0,
04050900,121.0,238.0,
04050930,128.0,210.0,
04051000,139.0,213.0,
04051030,140.0,216.0,
04051100,146.0,226.0,
04051130,150.0,228.0,
04051330,151.0,227.0,
04051400,158.0,218.0,
04051430,155.0,238.0,
04051500,157.0,236.0,
04060000,158.0,,
04060030,157.0,,
04060100,161.0,,
04060900,161.0,237.0,
04060930,157.0,251.0,
04061000,160.0,249.0,
04061030,161.0,258.0,
04061100,164.0,245.0,
04061130,168.0,252.0,
04061330,167.0,244.0,
04061400,169.0,248.0,
04061430,170.0,245.0,
04061500,168.0,253.0,
04062100,157.0,233.0,
04062130,161.0,226.0,
04062200,159.0,220.0,
04062230,159.0,218.0,
04062300,159.0,228.0,
04062330,157.0,,
04070000,163.0,,
04070030,165.0,,
04070100,169.0,,
04070900,170.0,278.0,
04070930,167.0,271.0,
04071000,165.0,273.0,
04071030,165.0,277.0,
04071100,165.0,278.0,
04071130,168.0,278.0,
04071330,168.0,278.0,
04071400,163.0,288.0,
04071430,166.0,286.0,
04071500,166.0,281.0,
04072100,168.0,255.0,
04072130,169.0,258.0,
04072200,168.0,261.0,
04072230,169.0,260.0,
04072300,167.0,281.0,
04072330,167.0,,
04080000,175.0,,
04080030,178.0,,
04080100,176.0,,
04080900,179.0,,
04080930,175.0,,
04081000,174.0,,
04081030,175.0,,
04081100,176.0,,
04081130,176.0,,
04081330,175.0,,
04081400,179.0,,
04081430,178.0,,
04081500,174.0,,
04082100,171.0,,
04082130,170.0,,
04082200,168.0,,
04082230,168.0,,
04082300,175.0,,
04082330,176.0,,
04100900,,297.0,
04100930,,319.0,
04101000,,316.0,
04101030,,307.0,
04101100,,312.0,
04101130,,327.0,
04101330,,325.0,
04101400,,315.0,
04101430,,321.0,
04101500,,324.0,
04102100,,287.0,
04102130,,287.0,
04102200,,291.0,
04102230,,293.0,
04102300,,300.0,
04110000,181.0,,
04110030,178.0,,
04110100,180.0,,
04110900,175.0,279.0,
04110930,186.0,269.0,
04111000,187.0,273.0,
04111030,188.0,267.0,
04111100,182.0,277.0,
04111130,191.0,282.0,
04111330,192.0,282.0,
04111400,191.0,284.0,
04111430,191.0,285.0,
04111500,189.0,289.0,
04112100,174.0,323.0,
04112130,179.0,304.0,
04112200,185.0,274.0,
04112230,179.0,282.0,
04112300,182.0,282.0,
04112330,181.0,,
04120000,167.0,,
04120030,168.0,,
04120100,168.0,,
04120900,169.0,278.0,
04120930,168.0,289.0,
04121000,168.0,292.0,
04121030,165.0,292.0,
04121100,168.0,272.0,
04121130,168.0,274.0,
04121330,166.0,276.0,
04121400,162.0,262.0,
04121430,160.0,258.0,
04121500,154.0,261.0,
04122100,189.0,285.0,
04122130,186.0,270.0,
04122200,183.0,269.0,
04122230,185.0,280.0,
04122300,179.0,291.0,
04122330,159.0,,
04130000,112.0,,
04130030,107.0,,
04130100,110.0,,
04130900,108.0,269.0,
04130930,102.0,281.0,
04131000,97.0,271.0,
04131030,100.0,272.0,
04131100,111.0,267.0,
04131130,112.0,270.0,
04131330,110.0,267.0,
04131400,101.0,267.0,
04131430,100.0,263.0,
04131500,113.0,273.0,
04132100,151.0,265.0,
04132130,127.0,272.0,
04132200,126.0,268.0,
04132230,128.0,260.0,
04132300,123.0,268.0,
04132330,122.0,,
04140000,124.0,,
04140030,124.0,,
04140100,125.0,,
04140900,125.0,266.0,
04140930,124.0,273.0,
04141000,128.0,283.0,
04141030,126.0,277.0,
04141100,130.0,278.0,
04141130,131.0,286.0,
04141330,131.0,288.0,
04141400,141.0,279.0,
04141430,139.0,285.0,
04141500,135.0,274.0,
04142100,110.0,276.0,
04142130,120.0,272.0,
04142200,117.0,267.0,
04142230,132.0,266.0,
04142300,130.0,262.0,
04142330,132.0,,
04150000,129.0,,
04150030,130.0,,
04150100,127.0,,
04150900,128.0,,
04150930,111.0,,
04151000,107.0,,
04151030,110.0,,
04151100,116.0,,
04151130,118.0,,
04151330,118.0,,
04151400,125.0,,
04151430,124.0,,
04151500,122.0,,
04152100,140.0,,
04152130,132.0,,
04152200,129.0,,
04152230,129.0,,
04152300,125.0,,
04152330,130.0,,
04170900,,318.0,
04170930,,297.0,
04171000,,305.0,
04171030,,296.0,
04171100,,297.0,
04171130,,299.0,
04171330,,297.0,
04171400,,299.0,
04171430,,292.0,
04171500,,305.0,
04172100,,279.0,
04172130,,284.0,
04172200,,288.0,
04172230,,290.0,
04172300,,289.0,
04180000,105.0,,
04180030,104.0,,
04180100,105.0,,
04180900,92.0,290.0,
04180930,99.0,281.0,
04181000,102.0,276.0,
04181030,100.0,274.0,
04181100,103.0,259.0,
04181130,103.0,250.0,
04181330,105.0,250.0,
04181400,99.0,257.0,
04181430,103.0,257.0,
04181500,97.0,248.0,
04182100,128.0,296.0,
04182130,112.0,272.0,
04182200,113.0,271.0,
04182230,107.0,286.0,
04182300,109.0,292.0,
04182330,104.0,,
04190000,110.0,,
04190030,108.0,,
04190100,109.0,,
04190900,109.0,243.0,
04190930,99.0,239.0,
04191000,106.0,247.0,
04191030,107.0,259.0,
04191100,104.0,244.0,
04191130,109.0,255.0,
04191330,107.0,261.0,
04191400,103.0,243.0,
04191430,105.0,243.0,
04191500,111.0,239.0,
04192100,96.0,240.0,
04192130,116.0,242.0,
04192200,113.0,244.0,
04192230,114.0,243.0,
04192300,114.0,241.0,
04192330,114.0,,
04200000,106.0,,
04200030,106.0,,
04200100,111.0,,
04200900,110.0,231.0,
04200930,114.0,244.0,
04201000,112.0,254.0,
04201030,112.0,249.0,
04201100,111.0,243.0,
04201130,109.0,257.0,
04201330,115.0,259.0,
04201400,115.0,248.0,
04201430,110.0,228.0,
04201500,112.0,226.0,
04202100,101.0,240.0,
04202130,107.0,240.0,
04202200,111.0,246.0,
04202230,114.0,245.0,
04202300,120.0,241.0,
04202330,126.0,,
04210000,129.0,,
04210030,143.0,,
04210100,146.0,,
04210900,148.0,205.0,
04210930,142.0,206.0,
04211000,148.0,205.0,
04211030,143.0,205.0,
04211100,140.0,201.0,
04211130,139.0,199.0,
04211330,138.0,201.0,
04211400,128.0,211.0,
04211430,137.0,226.0,
04211500,141.0,214.0,
04212100,113.0,221.0,
04212130,122.0,227.0,
04212200,148.0,224.0,
04212230,139.0,226.0,
04212300,125.0,202.0,
04212330,130.0,,
04220000,146.0,,
04220030,138.0,,
04220100,141.0,,
04220900,139.0,,
04220930,141.0,,
04221000,132.0,,
04221030,132.0,,
04221100,129.0,,
04221130,139.0,,
04221330,140.0,,
04221400,132.0,,
04221430,131.0,,
04221500,131.0,,
04222100,116.0,,
04222130,146.0,,
04222200,165.0,,
04222230,156.0,,
04222300,161.0,,
04222330,145.0,,
04240900,,239.0,
04240930,,246.0,
04241000,,257.0,
04241030,,263.0,
04241100,,268.0,
04241130,,256.0,
04241330,,259.0,
04241400,,258.0,
04241430,,248.0,
04241500,,226.0,
04242100,,209.0,
04242130,,206.0,
04242200,,213.0,
04242230,,212.0,
04242300,,217.0,
04250000,140.0,,
04250030,152.0,,
04250100,156.0,,
04250900,155.0,239.0,
04250930,153.0,258.0,
04251000,162.0,255.0,
04251030,147.0,251.0,
04251100,154.0,257.0,
04251130,159.0,254.0,
04251330,159.0,255.0,
04251400,156.0,254.0,
04251430,156.0,253.0,
04251500,149.0,254.0,
04252100,132.0,232.0,
04252130,128.0,257.0,
04252200,125.0,253.0,
04252230,114.0,252.0,
04252300,134.0,247.0,
04252330,150.0,,
04260000,151.0,,
04260030,149.0,,
04260100,156.0,,
04260900,156.0,256.0,
04260930,149.0,266.0,
04261000,150.0,271.0,
04261030,148.0,270.0,
04261100,151.0,271.0,
04261130,153.0,264.0,
04261330,155.0,271.0,
04261400,157.0,279.0,
04261430,153.0,260.0,
04261500,155.0,291.0,
04262100,155.0,236.0,
04262130,153.0,256.0,
04262200,153.0,257.0,
04262230,159.0,259.0,
04262300,156.0,260.0,
04262330,151.0,,
04270000,142.0,,
04270030,147.0,,
04270100,152.0,,
04270900,150.0,296.0,
04270930,144.0,298.0,
04271000,145.0,305.0,
04271030,148.0,300.0,
04271100,149.0,309.0,
04271130,154.0,302.0,
04271330,155.0,303.0,
04271400,145.0,308.0,
04271430,136.0,303.0,
04271500,135.0,299.0,
04272100,157.0,292.0,
04272130,157.0,287.0,
04272200,159.0,292.0,
04272230,153.0,294.0,
04272300,153.0,303.0,
04272330,152.0,,
04280000,128.0,,
04280030,125.0,,
04280100,127.0,,
04280900,127.0,289.0,
04280930,123.0,287.0,
04281000,120.0,303.0,
04281030,119.0,308.0,
04281100,116.0,317.0,
04281130,112.0,332.0,
04281330,112.0,325.0,
04281400,113.0,331.0,
04281430,110.0,335.0,
04281500,112.0,294.0,
04282100,147.0,290.0,
04282130,139.0,304.0,
04282200,128.0,298.0,
04282230,128.0,296.0,
04282300,131.0,292.0,
04282330,129.0,,
04290000,127.0,,
04290030,131.0,,
04290100,130.0,,
04290900,133.0,,
04290930,146.0,,
04291000,174.0,,
04291030,180.0,,
04291100,204.0,,
04291130,212.0,,
04291330,211.0,,
04291400,215.0,,
04291430,204.0,,
04291500,207.0,,
04292100,103.0,,
04292130,130.0,,
04292200,126.0,,
04292230,128.0,,
04292300,134.0,,
04292330,137.0,,
